Workbook
Name feb14_repro48_large_iterations: large!$BE$2:$BG$175
Name feb14_repro48_medium_iterations: medium!$BB$2:$BD$231
Name feb21_rerun_jdbc48_large_clean: Sheet10!$U$1:$AB$50
Name feb21_rerun_jdbc48_medium_clean: Sheet10!$K$1:$R$56
Name feb21_rerun_jdbc48_small_clean: Sheet10!$A$1:$H$65
Name nov12_graal_data_10to_5x_8gb48_clean: small!$A$2:$H$34
Name nov12_graal_data_10to_5x_8gb48_iterations: small!$BF$1:$BH$321
Name nov12_large_graal_5x_8gb48_clean: large!$A$2:$H$19
Name nov12_large_graal_5x_8gb48_iterations: large!$BE$1:$BG$1
Name oct29_sized_3x47_clean: large!$A$2:$H$20
Name oct29_sized_3x47_clean: medium!$A$2:$H$2
Name oct29_sized_3x47_clean: small!#REF!
Name oct29_sized_3x48_clean: large!$A$2:$H$20
Name oct29_sized_3x48_clean: medium!$A$2:$H$2
Name oct29_sized_3x48_clean: small!#REF!

Sheet small
Q1: VS TYQL | T1: VS JDBC_RSQL | BF1: ancestry | BG1: collections | BH1: 3
A2: Backend | B2: Query | C2: Mode | D2: Threads | E2: Samples | F2: Score | G2: Score Error (99.9%) | H2: Unit | J2: Size | K2: Query | L2: Formal Name | M2: TyQL | N2: ScalaSQL | O2: Collections | P2: JDBC_RSQL | Q2: Speedup over Non-Recursive SQL | R2: Speedup over Collections | S2: Speedup over JDBC_RSQL | U2: Speedup over Non-Recursive SQL | V2: Speedup over Collections | W2: Speedup over TyQL | AC2: Average of 3 | AD2: Column Labels | BF2: ancestry | BG2: collections | BH2: 3
A3: Collections | B3: ancestry | C3: avgt | D3: 1 | E3: 5 | F3: 0.001878 | G3: 0.001387 | H3: s/op | J3: Large | K3: ancestry | L3: Ancestry | M3: {=INDEX($F$1:$F$100, MATCH(1, ($A$1:$A$100=M$2)*($B$1:$B$100=$K3), 0))} -> 0.007654 | N3: {=INDEX($F$1:$F$100, MATCH(1, (A$1:A$100=N$2)*(B$1:B$100=$K3), 0))} -> 0.046814 | O3: {=INDEX($F$1:$F$100, MATCH(1, (A$1:A$100=O$2)*(B$1:B$100=$K3), 0))} -> 0.001878 | P3: {=INDEX($F$1:$F$100, MATCH(1, (A$1:A$100=P$2)*(B$1:B$100=$K3), 0))} -> 0.005349 | Q3: =IF(ISNA($N3), "DNF", $N3/$M3) -> 6.1162791 | R3: =IF(ISNA(O3), "DNF", O3/$M3) -> 0.2453619 | S3: =IF(ISNA($P3), "DNF", $P3/$M3) -> 0.69885027 | U3: =IF(ISNA($N3), "DNF", $N3/$P3) -> 8.7519162 | V3: =IF(ISNA($O3), "DNF", $O3/$P3) -> 0.35109366 | W3: =IF(ISNA($M3), "DNF", $M3/$P3) -> 1.4309217 | AC3: Row Labels | AD3: collections | AE3: scalasql | BF3: ancestry | BG3: collections | BH3: 3
A4: Collections | B4: andersens | C4: avgt | D4: 1 | E4: 5 | F4: 0.001489 | G4: 0.001108 | H4: s/op | J4: Small | K4: andersens | L4: APT | M4: {=INDEX($F$1:$F$100, MATCH(1, (A$1:A$100=M$2)*(B$1:B$100=$K4), 0))} -> 0.013155 | N4: {=INDEX($F$1:$F$100, MATCH(1, (A$1:A$100=N$2)*(B$1:B$100=$K4), 0))} -> 0.054882 | O4: {=INDEX($F$1:$F$100, MATCH(1, (A$1:A$100=O$2)*(B$1:B$100=$K4), 0))} -> 0.001489 | P4: {=INDEX($F$1:$F$100, MATCH(1, (A$1:A$100=P$2)*(B$1:B$100=$K4), 0))} -> 0.011921 | Q4: =IF(ISNA($N4), "DNF", $N4/$M4) -> 4.1719498 | R4: =IF(ISNA(O4), "DNF", O4/$M4) -> 0.1131889 | S4: =IF(ISNA($P4), "DNF", $P4/$M4) -> 0.90619536 | U4: =IF(ISNA($N4), "DNF", $N4/$P4) -> 4.6038084 | V4: =IF(ISNA($O4), "DNF", $O4/$P4) -> 0.12490563 | W4: =IF(ISNA($M4), "DNF", $M4/$P4) -> 1.1035148 | AC4: ancestry | AD4: 3 | AE4: 3 | BF4: ancestry | BG4: collections | BH4: 3
A5: Collections | B5: asps | C5: avgt | D5: 1 | E5: 5 | F5: 0.003106 | G5: 0.003714 | H5: s/op | J5: Medium | K5: asps | L5: ASPS | M5: {=INDEX($F$1:$F$100, MATCH(1, (A$1:A$100=M$2)*(B$1:B$100=$K5), 0))} -> 0.012475 | N5: {=INDEX($F$1:$F$100, MATCH(1, (A$1:A$100=N$2)*(B$1:B$100=$K5), 0))} -> 0.043912 | O5: {=INDEX($F$1:$F$100, MATCH(1, (A$1:A$100=O$2)*(B$1:B$100=$K5), 0))} -> 0.003106 | P5: {=INDEX($F$1:$F$100, MATCH(1, (A$1:A$100=P$2)*(B$1:B$100=$K5), 0))} -> 0.011039 | Q5: =IF(ISNA($N5), "DNF", $N5/$M5) -> 3.52 | R5: =IF(ISNA(O5), "DNF", O5/$M5) -> 0.24897796 | S5: =IF(ISNA($P5), "DNF", $P5/$M5) -> 0.88488978 | U5: =IF(ISNA($N5), "DNF", $N5/$P5) -> 3.9778965 | V5: =IF(ISNA($O5), "DNF", $O5/$P5) -> 0.28136607 | W5: =IF(ISNA($M5), "DNF", $M5/$P5) -> 1.1300842 | AC5: andersens | AD5: 3 | AE5: 3 | BF5: ancestry | BG5: collections | BH5: 3
A6: Collections | B6: bom | C6: avgt | D6: 1 | E6: 5 | F6: 0.002131 | G6: 0.000857 | H6: s/op | J6: Medium | K6: bom | L6: BOM | M6: {=INDEX($F$1:$F$100, MATCH(1, (A$1:A$100=M$2)*(B$1:B$100=$K6), 0))} -> 0.008915 | N6: {=INDEX($F$1:$F$100, MATCH(1, (A$1:A$100=N$2)*(B$1:B$100=$K6), 0))} -> 0.035821 | O6: {=INDEX($F$1:$F$100, MATCH(1, (A$1:A$100=O$2)*(B$1:B$100=$K6), 0))} -> 0.002131 | P6: {=INDEX($F$1:$F$100, MATCH(1, (A$1:A$100=P$2)*(B$1:B$100=$K6), 0))} -> 0.00856 | Q6: =IF(ISNA($N6), "DNF", $N6/$M6) -> 4.0180595 | R6: =IF(ISNA(O6), "DNF", O6/$M6) -> 0.23903533 | S6: =IF(ISNA($P6), "DNF", $P6/$M6) -> 0.96017947 | U6: =IF(ISNA($N6), "DNF", $N6/$P6) -> 4.1846963 | V6: =IF(ISNA($O6), "DNF", $O6/$P6) -> 0.2489486 | W6: =IF(ISNA($M6), "DNF", $M6/$P6) -> 1.041472 | AC6: asps | AD6: 3 | AE6: 3 | BF6: ancestry | BG6: collections | BH6: 3
A7: Collections | B7: cba | C7: avgt | D7: 1 | E7: 5 | F7: 0.00617 | G7: 0.006925 | H7: s/op | J7: Small | K7: cba | L7: CBA | M7: {=INDEX($F$1:$F$100, MATCH(1, (A$1:A$100=M$2)*(B$1:B$100=$K7), 0))} -> 0.028225 | N7: {=INDEX($F$1:$F$100, MATCH(1, (A$1:A$100=N$2)*(B$1:B$100=$K7), 0))} -> 0.311347 | O7: {=INDEX($F$1:$F$100, MATCH(1, (A$1:A$100=O$2)*(B$1:B$100=$K7), 0))} -> 0.00617 | P7: {=INDEX($F$1:$F$100, MATCH(1, (A$1:A$100=P$2)*(B$1:B$100=$K7), 0))} -> 0.024934 | Q7: =IF(ISNA($N7), "DNF", $N7/$M7) -> 11.030895 | R7: =IF(ISNA(O7), "DNF", O7/$M7) -> 0.21860053 | S7: =IF(ISNA($P7), "DNF", $P7/$M7) -> 0.88340124 | U7: =IF(ISNA($N7), "DNF", $N7/$P7) -> 12.486845 | V7: =IF(ISNA($O7), "DNF", $O7/$P7) -> 0.24745328 | W7: =IF(ISNA($M7), "DNF", $M7/$P7) -> 1.1319884 | AC7: bom | AD7: 2 | AE7: 2 | BF7: ancestry | BG7: collections | BH7: 3
A8: Collections | B8: cc | C8: avgt | D8: 1 | E8: 5 | F8: 0.002427 | G8: 0.001144 | H8: s/op | J8: Medium | K8: cc | L8: CC | M8: {=INDEX($F$1:$F$100, MATCH(1, (A$1:A$100=M$2)*(B$1:B$100=$K8), 0))} -> 0.011314 | N8: {=INDEX($F$1:$F$100, MATCH(1, (A$1:A$100=N$2)*(B$1:B$100=$K8), 0))} -> 0.070066 | O8: {=INDEX($F$1:$F$100, MATCH(1, (A$1:A$100=O$2)*(B$1:B$100=$K8), 0))} -> 0.002427 | P8: {=INDEX($F$1:$F$100, MATCH(1, (A$1:A$100=P$2)*(B$1:B$100=$K8), 0))} -> 0.009234 | Q8: =IF(ISNA($N8), "DNF", $N8/$M8) -> 6.1928584 | R8: =IF(ISNA(O8), "DNF", O8/$M8) -> 0.21451299 | S8: =IF(ISNA($P8), "DNF", $P8/$M8) -> 0.81615697 | U8: =IF(ISNA($N8), "DNF", $N8/$P8) -> 7.5878276 | V8: =IF(ISNA($O8), "DNF", $O8/$P8) -> 0.26283301 | W8: =IF(ISNA($M8), "DNF", $M8/$P8) -> 1.2252545 | AC8: cba | AD8: 9 | AE8: 9 | BF8: ancestry | BG8: collections | BH8: 3
A9: Collections | B9: cspa | C9: avgt | D9: 1 | E9: 5 | F9: 0.002755 | G9: 0.002838 | H9: s/op | J9: Medium | K9: cspa | L9: CSPA | M9: {=INDEX($F$1:$F$100, MATCH(1, (A$1:A$100=M$2)*(B$1:B$100=$K9), 0))} -> 0.023838 | N9: {=INDEX($F$1:$F$100, MATCH(1, (A$1:A$100=N$2)*(B$1:B$100=$K9), 0))} -> 0.171146 | O9: {=INDEX($F$1:$F$100, MATCH(1, (A$1:A$100=O$2)*(B$1:B$100=$K9), 0))} -> 0.002755 | P9: {=INDEX($F$1:$F$100, MATCH(1, (A$1:A$100=P$2)*(B$1:B$100=$K9), 0))} -> 0.018014 | Q9: =IF(ISNA($N9), "DNF", $N9/$M9) -> 7.1795453 | R9: =IF(ISNA(O9), "DNF", O9/$M9) -> 0.11557178 | S9: =IF(ISNA($P9), "DNF", $P9/$M9) -> 0.7556842 | U9: =IF(ISNA($N9), "DNF", $N9/$P9) -> 9.5007217 | V9: =IF(ISNA($O9), "DNF", $O9/$P9) -> 0.1529366 | W9: =IF(ISNA($M9), "DNF", $M9/$P9) -> 1.3233041 | AC9: cc | AD9: 3 | AE9: 3 | BF9: ancestry | BG9: collections | BH9: 3
A10: Collections | B10: dataflow | C10: avgt | D10: 1 | E10: 5 | F10: 0.001989 | G10: 0.001504 | H10: s/op | J10: Small | K10: dataflow | L10: Data Flow | M10: {=INDEX($F$1:$F$100, MATCH(1, (A$1:A$100=M$2)*(B$1:B$100=$K10), 0))} -> 0.006463 | N10: {=INDEX($F$1:$F$100, MATCH(1, (A$1:A$100=N$2)*(B$1:B$100=$K10), 0))} -> 0.047777 | O10: {=INDEX($F$1:$F$100, MATCH(1, (A$1:A$100=O$2)*(B$1:B$100=$K10), 0))} -> 0.001989 | P10: {=INDEX($F$1:$F$100, MATCH(1, (A$1:A$100=P$2)*(B$1:B$100=$K10), 0))} -> 0.005227 | Q10: =IF(ISNA($N10), "DNF", $N10/$M10) -> 7.3923874 | R10: =IF(ISNA(O10), "DNF", O10/$M10) -> 0.30775182 | S10: =IF(ISNA($P10), "DNF", $P10/$M10) -> 0.80875754 | U10: =IF(ISNA($N10), "DNF", $N10/$P10) -> 9.1404247 | V10: =IF(ISNA($O10), "DNF", $O10/$P10) -> 0.3805242 | W10: =IF(ISNA($M10), "DNF", $M10/$P10) -> 1.2364645 | AC10: cspa | AD10: 3 | AE10: 5 | BF10: ancestry | BG10: collections | BH10: 3
A11: Collections | B11: evenodd | C11: avgt | D11: 1 | E11: 5 | F11: 0.004072 | G11: 0.003256 | H11: s/op | J11: Medium | K11: evenodd | L11: Even-Odd | M11: {=INDEX($F$1:$F$100, MATCH(1, (A$1:A$100=M$2)*(B$1:B$100=$K11), 0))} -> 0.013899 | N11: {=INDEX($F$1:$F$100, MATCH(1, (A$1:A$100=N$2)*(B$1:B$100=$K11), 0))} -> 0.327469 | O11: {=INDEX($F$1:$F$100, MATCH(1, (A$1:A$100=O$2)*(B$1:B$100=$K11), 0))} -> 0.004072 | P11: {=INDEX($F$1:$F$100, MATCH(1, (A$1:A$100=P$2)*(B$1:B$100=$K11), 0))} -> 0.008555 | Q11: =IF(ISNA($N11), "DNF", $N11/$M11) -> 23.560616 | R11: =IF(ISNA(O11), "DNF", O11/$M11) -> 0.29297072 | S11: =IF(ISNA($P11), "DNF", $P11/$M11) -> 0.61551191 | U11: =IF(ISNA($N11), "DNF", $N11/$P11) -> 38.278083 | V11: =IF(ISNA($O11), "DNF", $O11/$P11) -> 0.47597896 | W11: =IF(ISNA($M11), "DNF", $M11/$P11) -> 1.6246639 | AC11: dataflow | AD11: 3 | AE11: 3 | BF11: andersens | BG11: collections | BH11: 3
A12: Collections | B12: javapointsto | C12: avgt | D12: 1 | E12: 5 | F12: 0.002519 | G12: 0.001182 | H12: s/op | J12: Small | K12: javapointsto | L12: JPT | M12: {=INDEX($F$1:$F$100, MATCH(1, (A$1:A$100=M$2)*(B$1:B$100=$K12), 0))} -> 0.014302 | N12: {=INDEX($F$1:$F$100, MATCH(1, (A$1:A$100=N$2)*(B$1:B$100=$K12), 0))} -> 0.076816 | O12: {=INDEX($F$1:$F$100, MATCH(1, (A$1:A$100=O$2)*(B$1:B$100=$K12), 0))} -> 0.002519 | P12: {=INDEX($F$1:$F$100, MATCH(1, (A$1:A$100=P$2)*(B$1:B$100=$K12), 0))} -> 0.012098 | Q12: =IF(ISNA($N12), "DNF", $N12/$M12) -> 5.3709971 | R12: =IF(ISNA(O12), "DNF", O12/$M12) -> 0.17612921 | S12: =IF(ISNA($P12), "DNF", $P12/$M12) -> 0.84589568 | U12: =IF(ISNA($N12), "DNF", $N12/$P12) -> 6.3494793 | V12: =IF(ISNA($O12), "DNF", $O12/$P12) -> 0.20821623 | W12: =IF(ISNA($M12), "DNF", $M12/$P12) -> 1.1821789 | AC12: evenodd | AD12: 17 | AE12: 17 | BF12: andersens | BG12: collections | BH12: 3
A13: Collections | B13: orbits | C13: avgt | D13: 1 | E13: 5 | F13: 0.002048 | G13: 0.001137 | H13: s/op | J13: Medium | K13: orbits | L13: Orbits | M13: {=INDEX($F$1:$F$100, MATCH(1, (A$1:A$100=M$2)*(B$1:B$100=$K13), 0))} -> 0.011875 | N13: {=INDEX($F$1:$F$100, MATCH(1, (A$1:A$100=N$2)*(B$1:B$100=$K13), 0))} -> 0.037601 | O13: {=INDEX($F$1:$F$100, MATCH(1, (A$1:A$100=O$2)*(B$1:B$100=$K13), 0))} -> 0.002048 | P13: {=INDEX($F$1:$F$100, MATCH(1, (A$1:A$100=P$2)*(B$1:B$100=$K13), 0))} -> 0.00955 | Q13: =IF(ISNA($N13), "DNF", $N13/$M13) -> 3.1664 | R13: =IF(ISNA(O13), "DNF", O13/$M13) -> 0.17246316 | S13: =IF(ISNA($P13), "DNF", $P13/$M13) -> 0.80421053 | U13: =IF(ISNA($N13), "DNF", $N13/$P13) -> 3.9372775 | V13: =IF(ISNA($O13), "DNF", $O13/$P13) -> 0.21445026 | W13: =IF(ISNA($M13), "DNF", $M13/$P13) -> 1.2434555 | AC13: javapointsto | AD13: 3 | AE13: 3 | BF13: andersens | BG13: collections | BH13: 3
A14: Collections | B14: party | C14: avgt | D14: 1 | E14: 5 | F14: 0.003742 | G14: 0.002275 | H14: s/op | J14: Medium | K14: party | L14: Party | M14: {=INDEX($F$1:$F$100, MATCH(1, (A$1:A$100=M$2)*(B$1:B$100=$K14), 0))} -> 0.011764 | N14: {=INDEX($F$1:$F$100, MATCH(1, (A$1:A$100=N$2)*(B$1:B$100=$K14), 0))} -> 0.098845 | O14: {=INDEX($F$1:$F$100, MATCH(1, (A$1:A$100=O$2)*(B$1:B$100=$K14), 0))} -> 0.003742 | P14: {=INDEX($F$1:$F$100, MATCH(1, (A$1:A$100=P$2)*(B$1:B$100=$K14), 0))} -> 0.009801 | Q14: =IF(ISNA($N14), "DNF", $N14/$M14) -> 8.4023291 | R14: =IF(ISNA(O14), "DNF", O14/$M14) -> 0.31808909 | S14: =IF(ISNA($P14), "DNF", $P14/$M14) -> 0.83313499 | U14: =IF(ISNA($N14), "DNF", $N14/$P14) -> 10.085195 | V14: =IF(ISNA($O14), "DNF", $O14/$P14) -> 0.38179778 | W14: =IF(ISNA($M14), "DNF", $M14/$P14) -> 1.2002857 | AC14: orbits | AD14: 2 | AE14: 2 | BF14: andersens | BG14: collections | BH14: 3
A15: Collections | B15: pointstocount | C15: avgt | D15: 1 | E15: 5 | F15: 0.002606 | G15: 0.000467 | H15: s/op | J15: Small | K15: pointstocount | L15: PTC | M15: {=INDEX($F$1:$F$100, MATCH(1, (A$1:A$100=M$2)*(B$1:B$100=$K15), 0))} -> 0.016161 | N15: {=INDEX($F$1:$F$100, MATCH(1, (A$1:A$100=N$2)*(B$1:B$100=$K15), 0))} -> 0.084974 | O15: {=INDEX($F$1:$F$100, MATCH(1, (A$1:A$100=O$2)*(B$1:B$100=$K15), 0))} -> 0.002606 | P15: {=INDEX($F$1:$F$100, MATCH(1, (A$1:A$100=P$2)*(B$1:B$100=$K15), 0))} -> 0.012428 | Q15: =IF(ISNA($N15), "DNF", $N15/$M15) -> 5.2579667 | R15: =IF(ISNA(O15), "DNF", O15/$M15) -> 0.1612524 | S15: =IF(ISNA($P15), "DNF", $P15/$M15) -> 0.76901182 | U15: =IF(ISNA($N15), "DNF", $N15/$P15) -> 6.8373029 | V15: =IF(ISNA($O15), "DNF", $O15/$P15) -> 0.2096878 | W15: =IF(ISNA($M15), "DNF", $M15/$P15) -> 1.3003701 | AC15: party | AD15: 5 | AE15: 5 | BF15: andersens | BG15: collections | BH15: 3
... A18: Collections | B18: trustchain | C18: avgt | D18: 1 | E18: 5 | F18: 0.002866 | G18: 0.001287 | H18: s/op | J18: Medium | K18: trustchain | L18: COT | M18: {=INDEX($F$1:$F$100, MATCH(1, (A$1:A$100=M$2)*(B$1:B$100=$K18), 0))} -> 0.011426 | N18: {=INDEX($F$1:$F$100, MATCH(1, (A$1:A$100=N$2)*(B$1:B$100=$K18), 0))} -> 0.15993 | O18: {=INDEX($F$1:$F$100, MATCH(1, (A$1:A$100=O$2)*(B$1:B$100=$K18), 0))} -> 0.002866 | P18: {=INDEX($F$1:$F$100, MATCH(1, (A$1:A$100=P$2)*(B$1:B$100=$K18), 0))} -> 0.008272 | Q18: =IF(ISNA($N18), "DNF", $N18/$M18) -> 13.997024 | R18: =IF(ISNA(O18), "DNF", O18/$M18) -> 0.25083144 | S18: =IF(ISNA($P18), "DNF", $P18/$M18) -> 0.72396289 | U18: =IF(ISNA($N18), "DNF", $N18/$P18) -> 19.333897 | V18: =IF(ISNA($O18), "DNF", $O18/$P18) -> 0.34647002 | W18: =IF(ISNA($M18), "DNF", $M18/$P18) -> 1.3812863 | AC18: tc | AD18: 2 | AE18: 2 | BF18: andersens | BG18: collections | BH18: 3
A19: JDBC_RSQL | B19: ancestry | C19: avgt | D19: 1 | E19: 5 | F19: 0.005349 | G19: 0.003112 | H19: s/op | AC19: trustchain | AD19: 7 | AE19: 7 | BF19: andersens | BG19: collections | BH19: 3
A20: JDBC_RSQL | B20: andersens | C20: avgt | D20: 1 | E20: 5 | F20: 0.011921 | G20: 0.004856 | H20: s/op | BF20: andersens | BG20: collections | BH20: 3
A21: JDBC_RSQL | B21: asps | C21: avgt | D21: 1 | E21: 5 | F21: 0.011039 | G21: 0.007173 | H21: s/op | BF21: asps | BG21: collections | BH21: 3
A22: JDBC_RSQL | B22: bom | C22: avgt | D22: 1 | E22: 5 | F22: 0.00856 | G22: 0.005311 | H22: s/op | BF22: asps | BG22: collections | BH22: 3
A23: JDBC_RSQL | B23: cba | C23: avgt | D23: 1 | E23: 5 | F23: 0.024934 | G23: 0.009926 | H23: s/op | BF23: asps | BG23: collections | BH23: 3
A24: JDBC_RSQL | B24: cc | C24: avgt | D24: 1 | E24: 5 | F24: 0.009234 | G24: 0.005463 | H24: s/op | J24: SCALASQL | P24: Margin of Error: | T24: TYQL Speedup exceeds error margin? | X24: JDBC_RSQL Speedup exceeds error margin? | BF24: asps | BG24: collections | BH24: 3
A25: JDBC_RSQL | B25: cspa | C25: avgt | D25: 1 | E25: 5 | F25: 0.018014 | G25: 0.006683 | H25: s/op | J25: Query | K25: Large | L25: Medium | M25: Small | O25: Formal Name | P25: TyQL | Q25: ScalaSQL | R25: Collections | S25: JDBC_RSQL | T25: SCALASQL | U25: COLLECTIONS | V25: JDBC_RSQL | X25: SCALASQL | Y25: COLLECTIONS | Z25: TyQL | BF25: asps | BG25: collections | BH25: 3
A26: JDBC_RSQL | B26: dataflow | C26: avgt | D26: 1 | E26: 5 | F26: 0.005227 | G26: 0.002999 | H26: s/op | J26: APT | K26: {=IFERROR(INDEX($Q$3:$Q$18, MATCH(1, ($J26=$L$3:$L$18) * (K$25=$J$3:$J$18), 0)), "")} | L26: {=IFERROR(INDEX($Q$3:$Q$18, MATCH(1, ($J26=$L$3:$L$18) * (L$25=$J$3:$J$18), 0)), "")} | M26: {=IFERROR(INDEX($Q$3:$Q$18, MATCH(1, ($J26=$L$3:$L$18) * (M$25=$J$3:$J$18), 0)), "")} -> 4.1719498 | O26: Ancestry | P26: {=INDEX($G$1:$G$100, MATCH(1, ($A$1:$A$100=P$25)*($B$1:$B$100=$K3), 0))} -> 0.005794 | Q26: {=INDEX($G$1:$G$100, MATCH(1, ($A$1:$A$100=Q$25)*($B$1:$B$100=$K3), 0))} -> 0.013365 | R26: {=INDEX($G$1:$G$100, MATCH(1, ($A$1:$A$100=R$25)*($B$1:$B$100=$K3), 0))} -> 0.001387 | S26: {=INDEX($G$1:$G$100, MATCH(1, ($A$1:$A$100=S$25)*($B$1:$B$100=$K3), 0))} -> 0.003112 | T26: =IF(ISNA(N3), TRUE, ABS($M3-N3) > MAX($P26, Q26)) -> TRUE | U26: =IF(ISNA(O3), TRUE, ABS($M3-O3) > MAX($P26, R26)) -> FALSE | V26: =IF(ISNA(P3), TRUE, ABS($M3-P3) > MAX($P26, S26)) -> FALSE | X26: =IF(ISNA(N3), TRUE, ABS($P3-N3) > MAX($S26, Q26)) -> TRUE | Y26: =IF(ISNA(O3), TRUE, ABS($P3-O3) > MAX($S26, R26)) -> TRUE | Z26: =IF(ISNA(M3), TRUE, ABS($P3-M3) > MAX($S26, P26)) -> FALSE | BF26: asps | BG26: collections | BH26: 3
A27: JDBC_RSQL | B27: evenodd | C27: avgt | D27: 1 | E27: 5 | F27: 0.008555 | G27: 0.00286 | H27: s/op | J27: CBA | K27: {=IFERROR(INDEX($Q$3:$Q$18, MATCH(1, ($J27=$L$3:$L$18) * (K$25=$J$3:$J$18), 0)), "")} | L27: {=IFERROR(INDEX($Q$3:$Q$18, MATCH(1, ($J27=$L$3:$L$18) * (L$25=$J$3:$J$18), 0)), "")} | M27: {=IFERROR(INDEX($Q$3:$Q$18, MATCH(1, ($J27=$L$3:$L$18) * (M$25=$J$3:$J$18), 0)), "")} -> 11.030895 | O27: APT | P27: {=INDEX($G$1:$G$100, MATCH(1, ($A$1:$A$100=P$25)*($B$1:$B$100=$K4), 0))} -> 0.010588 | Q27: {=INDEX($G$1:$G$100, MATCH(1, ($A$1:$A$100=Q$25)*($B$1:$B$100=$K4), 0))} -> 0.021817 | R27: {=INDEX($G$1:$G$100, MATCH(1, ($A$1:$A$100=R$25)*($B$1:$B$100=$K4), 0))} -> 0.001108 | S27: {=INDEX($G$1:$G$100, MATCH(1, ($A$1:$A$100=S$25)*($B$1:$B$100=$K4), 0))} -> 0.004856 | T27: =IF(ISNA(N4), TRUE, ABS($M4-N4) > MAX($P27, Q27)) -> TRUE | U27: =IF(ISNA(O4), TRUE, ABS($M4-O4) > MAX($P27, R27)) -> TRUE | V27: =IF(ISNA(P4), TRUE, ABS($M4-P4) > MAX($P27, S27)) -> FALSE | X27: =IF(ISNA(N4), TRUE, ABS($P4-N4) > MAX($S27, Q27)) -> TRUE | Y27: =IF(ISNA(O4), TRUE, ABS($P4-O4) > MAX($S27, R27)) -> TRUE | Z27: =IF(ISNA(M4), TRUE, ABS($P4-M4) > MAX($S27, P27)) -> FALSE | BF27: asps | BG27: collections | BH27: 3
A28: JDBC_RSQL | B28: javapointsto | C28: avgt | D28: 1 | E28: 5 | F28: 0.012098 | G28: 0.007275 | H28: s/op | J28: Data Flow | K28: {=IFERROR(INDEX($Q$3:$Q$18, MATCH(1, ($J28=$L$3:$L$18) * (K$25=$J$3:$J$18), 0)), "")} | L28: {=IFERROR(INDEX($Q$3:$Q$18, MATCH(1, ($J28=$L$3:$L$18) * (L$25=$J$3:$J$18), 0)), "")} | M28: {=IFERROR(INDEX($Q$3:$Q$18, MATCH(1, ($J28=$L$3:$L$18) * (M$25=$J$3:$J$18), 0)), "")} -> 7.3923874 | O28: ASPS | P28: {=INDEX($G$1:$G$100, MATCH(1, ($A$1:$A$100=P$25)*($B$1:$B$100=$K5), 0))} -> 0.01051 | Q28: {=INDEX($G$1:$G$100, MATCH(1, ($A$1:$A$100=Q$25)*($B$1:$B$100=$K5), 0))} -> 0.011979 | R28: {=INDEX($G$1:$G$100, MATCH(1, ($A$1:$A$100=R$25)*($B$1:$B$100=$K5), 0))} -> 0.003714 | S28: {=INDEX($G$1:$G$100, MATCH(1, ($A$1:$A$100=S$25)*($B$1:$B$100=$K5), 0))} -> 0.007173 | T28: =IF(ISNA(N5), TRUE, ABS($M5-N5) > MAX($P28, Q28)) -> TRUE | U28: =IF(ISNA(O5), TRUE, ABS($M5-O5) > MAX($P28, R28)) -> FALSE | V28: =IF(ISNA(P5), TRUE, ABS($M5-P5) > MAX($P28, S28)) -> FALSE | X28: =IF(ISNA(N5), TRUE, ABS($P5-N5) > MAX($S28, Q28)) -> TRUE | Y28: =IF(ISNA(O5), TRUE, ABS($P5-O5) > MAX($S28, R28)) -> TRUE | Z28: =IF(ISNA(M5), TRUE, ABS($P5-M5) > MAX($S28, P28)) -> FALSE | BF28: asps | BG28: collections | BH28: 3
A29: JDBC_RSQL | B29: orbits | C29: avgt | D29: 1 | E29: 5 | F29: 0.00955 | G29: 0.005783 | H29: s/op | J29: JPT | K29: {=IFERROR(INDEX($Q$3:$Q$18, MATCH(1, ($J29=$L$3:$L$18) * (K$25=$J$3:$J$18), 0)), "")} | L29: {=IFERROR(INDEX($Q$3:$Q$18, MATCH(1, ($J29=$L$3:$L$18) * (L$25=$J$3:$J$18), 0)), "")} | M29: {=IFERROR(INDEX($Q$3:$Q$18, MATCH(1, ($J29=$L$3:$L$18) * (M$25=$J$3:$J$18), 0)), "")} -> 5.3709971 | O29: BOM | P29: {=INDEX($G$1:$G$100, MATCH(1, ($A$1:$A$100=P$25)*($B$1:$B$100=$K6), 0))} -> 0.008805 | Q29: {=INDEX($G$1:$G$100, MATCH(1, ($A$1:$A$100=Q$25)*($B$1:$B$100=$K6), 0))} -> 0.01291 | R29: {=INDEX($G$1:$G$100, MATCH(1, ($A$1:$A$100=R$25)*($B$1:$B$100=$K6), 0))} -> 0.000857 | S29: {=INDEX($G$1:$G$100, MATCH(1, ($A$1:$A$100=S$25)*($B$1:$B$100=$K6), 0))} -> 0.005311 | T29: =IF(ISNA(N6), TRUE, ABS($M6-N6) > MAX($P29, Q29)) -> TRUE | U29: =IF(ISNA(O6), TRUE, ABS($M6-O6) > MAX($P29, R29)) -> FALSE | V29: =IF(ISNA(P6), TRUE, ABS($M6-P6) > MAX($P29, S29)) -> FALSE | X29: =IF(ISNA(N6), TRUE, ABS($P6-N6) > MAX($S29, Q29)) -> TRUE | Y29: =IF(ISNA(O6), TRUE, ABS($P6-O6) > MAX($S29, R29)) -> TRUE | Z29: =IF(ISNA(M6), TRUE, ABS($P6-M6) > MAX($S29, P29)) -> FALSE | BF29: asps | BG29: collections | BH29: 3
A30: JDBC_RSQL | B30: party | C30: avgt | D30: 1 | E30: 5 | F30: 0.009801 | G30: 0.007748 | H30: s/op | J30: PTC | K30: {=IFERROR(INDEX($Q$3:$Q$18, MATCH(1, ($J30=$L$3:$L$18) * (K$25=$J$3:$J$18), 0)), "")} | L30: {=IFERROR(INDEX($Q$3:$Q$18, MATCH(1, ($J30=$L$3:$L$18) * (L$25=$J$3:$J$18), 0)), "")} | M30: {=IFERROR(INDEX($Q$3:$Q$18, MATCH(1, ($J30=$L$3:$L$18) * (M$25=$J$3:$J$18), 0)), "")} -> 5.2579667 | O30: CBA | P30: {=INDEX($G$1:$G$100, MATCH(1, ($A$1:$A$100=P$25)*($B$1:$B$100=$K7), 0))} -> 0.012089 | Q30: {=INDEX($G$1:$G$100, MATCH(1, ($A$1:$A$100=Q$25)*($B$1:$B$100=$K7), 0))} -> 0.036797 | R30: {=INDEX($G$1:$G$100, MATCH(1, ($A$1:$A$100=R$25)*($B$1:$B$100=$K7), 0))} -> 0.006925 | S30: {=INDEX($G$1:$G$100, MATCH(1, ($A$1:$A$100=S$25)*($B$1:$B$100=$K7), 0))} -> 0.009926 | T30: =IF(ISNA(N7), TRUE, ABS($M7-N7) > MAX($P30, Q30)) -> TRUE | U30: =IF(ISNA(O7), TRUE, ABS($M7-O7) > MAX($P30, R30)) -> TRUE | V30: =IF(ISNA(P7), TRUE, ABS($M7-P7) > MAX($P30, S30)) -> FALSE | X30: =IF(ISNA(N7), TRUE, ABS($P7-N7) > MAX($S30, Q30)) -> TRUE | Y30: =IF(ISNA(O7), TRUE, ABS($P7-O7) > MAX($S30, R30)) -> TRUE | Z30: =IF(ISNA(M7), TRUE, ABS($P7-M7) > MAX($S30, P30)) -> FALSE | BF30: asps | BG30: collections | BH30: 3
A31: JDBC_RSQL | B31: pointstocount | C31: avgt | D31: 1 | E31: 5 | F31: 0.012428 | G31: 0.008041 | H31: s/op | J31: ASPS | K31: {=IFERROR(INDEX($Q$3:$Q$18, MATCH(1, ($J31=$L$3:$L$18) * (K$25=$J$3:$J$18), 0)), "")} | L31: {=IFERROR(INDEX($Q$3:$Q$18, MATCH(1, ($J31=$L$3:$L$18) * (L$25=$J$3:$J$18), 0)), "")} -> 3.52 | M31: {=IFERROR(INDEX($Q$3:$Q$18, MATCH(1, ($J31=$L$3:$L$18) * (M$25=$J$3:$J$18), 0)), "")} | O31: CC | P31: {=INDEX($G$1:$G$100, MATCH(1, ($A$1:$A$100=P$25)*($B$1:$B$100=$K8), 0))} -> 0.005356 | Q31: {=INDEX($G$1:$G$100, MATCH(1, ($A$1:$A$100=Q$25)*($B$1:$B$100=$K8), 0))} -> 0.019456 | R31: {=INDEX($G$1:$G$100, MATCH(1, ($A$1:$A$100=R$25)*($B$1:$B$100=$K8), 0))} -> 0.001144 | S31: {=INDEX($G$1:$G$100, MATCH(1, ($A$1:$A$100=S$25)*($B$1:$B$100=$K8), 0))} -> 0.005463 | T31: =IF(ISNA(N8), TRUE, ABS($M8-N8) > MAX($P31, Q31)) -> TRUE | U31: =IF(ISNA(O8), TRUE, ABS($M8-O8) > MAX($P31, R31)) -> TRUE | V31: =IF(ISNA(P8), TRUE, ABS($M8-P8) > MAX($P31, S31)) -> FALSE | X31: =IF(ISNA(N8), TRUE, ABS($P8-N8) > MAX($S31, Q31)) -> TRUE | Y31: =IF(ISNA(O8), TRUE, ABS($P8-O8) > MAX($S31, R31)) -> TRUE | Z31: =IF(ISNA(M8), TRUE, ABS($P8-M8) > MAX($S31, P31)) -> FALSE | BF31: bom | BG31: collections | BH31: 2
A32: JDBC_RSQL | B32: sssp | C32: avgt | D32: 1 | E32: 5 | F32: 0.008624 | G32: 0.006822 | H32: s/op | J32: BOM | K32: {=IFERROR(INDEX($Q$3:$Q$18, MATCH(1, ($J32=$L$3:$L$18) * (K$25=$J$3:$J$18), 0)), "")} | L32: {=IFERROR(INDEX($Q$3:$Q$18, MATCH(1, ($J32=$L$3:$L$18) * (L$25=$J$3:$J$18), 0)), "")} -> 4.0180595 | M32: {=IFERROR(INDEX($Q$3:$Q$18, MATCH(1, ($J32=$L$3:$L$18) * (M$25=$J$3:$J$18), 0)), "")} | O32: CSPA | P32: {=INDEX($G$1:$G$100, MATCH(1, ($A$1:$A$100=P$25)*($B$1:$B$100=$K9), 0))} -> 0.009153 | Q32: {=INDEX($G$1:$G$100, MATCH(1, ($A$1:$A$100=Q$25)*($B$1:$B$100=$K9), 0))} -> 0.023592 | R32: {=INDEX($G$1:$G$100, MATCH(1, ($A$1:$A$100=R$25)*($B$1:$B$100=$K9), 0))} -> 0.002838 | S32: {=INDEX($G$1:$G$100, MATCH(1, ($A$1:$A$100=S$25)*($B$1:$B$100=$K9), 0))} -> 0.006683 | T32: =IF(ISNA(N9), TRUE, ABS($M9-N9) > MAX($P32, Q32)) -> TRUE | U32: =IF(ISNA(O9), TRUE, ABS($M9-O9) > MAX($P32, R32)) -> TRUE | V32: =IF(ISNA(P9), TRUE, ABS($M9-P9) > MAX($P32, S32)) -> FALSE | X32: =IF(ISNA(N9), TRUE, ABS($P9-N9) > MAX($S32, Q32)) -> TRUE | Y32: =IF(ISNA(O9), TRUE, ABS($P9-O9) > MAX($S32, R32)) -> TRUE | Z32: =IF(ISNA(M9), TRUE, ABS($P9-M9) > MAX($S32, P32)) -> FALSE | BF32: bom | BG32: collections | BH32: 2
A33: JDBC_RSQL | B33: tc | C33: avgt | D33: 1 | E33: 5 | F33: 0.004989 | G33: 0.002773 | H33: s/op | J33: CC | K33: {=IFERROR(INDEX($Q$3:$Q$18, MATCH(1, ($J33=$L$3:$L$18) * (K$25=$J$3:$J$18), 0)), "")} | L33: {=IFERROR(INDEX($Q$3:$Q$18, MATCH(1, ($J33=$L$3:$L$18) * (L$25=$J$3:$J$18), 0)), "")} -> 6.1928584 | M33: {=IFERROR(INDEX($Q$3:$Q$18, MATCH(1, ($J33=$L$3:$L$18) * (M$25=$J$3:$J$18), 0)), "")} | O33: Data Flow | P33: {=INDEX($G$1:$G$100, MATCH(1, ($A$1:$A$100=P$25)*($B$1:$B$100=$K10), 0))} -> 0.001824 | Q33: {=INDEX($G$1:$G$100, MATCH(1, ($A$1:$A$100=Q$25)*($B$1:$B$100=$K10), 0))} -> 0.005801 | R33: {=INDEX($G$1:$G$100, MATCH(1, ($A$1:$A$100=R$25)*($B$1:$B$100=$K10), 0))} -> 0.001504 | S33: {=INDEX($G$1:$G$100, MATCH(1, ($A$1:$A$100=S$25)*($B$1:$B$100=$K10), 0))} -> 0.002999 | T33: =IF(ISNA(N10), TRUE, ABS($M10-N10) > MAX($P33, Q33)) -> TRUE | U33: =IF(ISNA(O10), TRUE, ABS($M10-O10) > MAX($P33, R33)) -> TRUE | V33: =IF(ISNA(P10), TRUE, ABS($M10-P10) > MAX($P33, S33)) -> FALSE | X33: =IF(ISNA(N10), TRUE, ABS($P10-N10) > MAX($S33, Q33)) -> TRUE | Y33: =IF(ISNA(O10), TRUE, ABS($P10-O10) > MAX($S33, R33)) -> TRUE | Z33: =IF(ISNA(M10), TRUE, ABS($P10-M10) > MAX($S33, P33)) -> FALSE | BF33: bom | BG33: collections | BH33: 2
A34: JDBC_RSQL | B34: trustchain | C34: avgt | D34: 1 | E34: 5 | F34: 0.008272 | G34: 0.003313 | H34: s/op | J34: COT | K34: {=IFERROR(INDEX($Q$3:$Q$18, MATCH(1, ($J34=$L$3:$L$18) * (K$25=$J$3:$J$18), 0)), "")} | L34: {=IFERROR(INDEX($Q$3:$Q$18, MATCH(1, ($J34=$L$3:$L$18) * (L$25=$J$3:$J$18), 0)), "")} -> 13.997024 | M34: {=IFERROR(INDEX($Q$3:$Q$18, MATCH(1, ($J34=$L$3:$L$18) * (M$25=$J$3:$J$18), 0)), "")} | O34: Even-Odd | P34: {=INDEX($G$1:$G$100, MATCH(1, ($A$1:$A$100=P$25)*($B$1:$B$100=$K11), 0))} -> 0.005966 | Q34: {=INDEX($G$1:$G$100, MATCH(1, ($A$1:$A$100=Q$25)*($B$1:$B$100=$K11), 0))} -> 0.031792 | R34: {=INDEX($G$1:$G$100, MATCH(1, ($A$1:$A$100=R$25)*($B$1:$B$100=$K11), 0))} -> 0.003256 | S34: {=INDEX($G$1:$G$100, MATCH(1, ($A$1:$A$100=S$25)*($B$1:$B$100=$K11), 0))} -> 0.00286 | T34: =IF(ISNA(N11), TRUE, ABS($M11-N11) > MAX($P34, Q34)) -> TRUE | U34: =IF(ISNA(O11), TRUE, ABS($M11-O11) > MAX($P34, R34)) -> TRUE | V34: =IF(ISNA(P11), TRUE, ABS($M11-P11) > MAX($P34, S34)) -> FALSE | X34: =IF(ISNA(N11), TRUE, ABS($P11-N11) > MAX($S34, Q34)) -> TRUE | Y34: =IF(ISNA(O11), TRUE, ABS($P11-O11) > MAX($S34, R34)) -> TRUE | Z34: =IF(ISNA(M11), TRUE, ABS($P11-M11) > MAX($S34, P34)) -> FALSE | BF34: bom | BG34: collections | BH34: 2
A35: ScalaSQL | B35: ancestry | C35: avgt | D35: 1 | E35: 5 | F35: 0.046814 | G35: 0.013365 | H35: s/op | J35: CSPA | K35: {=IFERROR(INDEX($Q$3:$Q$18, MATCH(1, ($J35=$L$3:$L$18) * (K$25=$J$3:$J$18), 0)), "")} | L35: {=IFERROR(INDEX($Q$3:$Q$18, MATCH(1, ($J35=$L$3:$L$18) * (L$25=$J$3:$J$18), 0)), "")} -> 7.1795453 | M35: {=IFERROR(INDEX($Q$3:$Q$18, MATCH(1, ($J35=$L$3:$L$18) * (M$25=$J$3:$J$18), 0)), "")} | O35: JPT | P35: {=INDEX($G$1:$G$100, MATCH(1, ($A$1:$A$100=P$25)*($B$1:$B$100=$K12), 0))} -> 0.007393 | Q35: {=INDEX($G$1:$G$100, MATCH(1, ($A$1:$A$100=Q$25)*($B$1:$B$100=$K12), 0))} -> 0.016328 | R35: {=INDEX($G$1:$G$100, MATCH(1, ($A$1:$A$100=R$25)*($B$1:$B$100=$K12), 0))} -> 0.001182 | S35: {=INDEX($G$1:$G$100, MATCH(1, ($A$1:$A$100=S$25)*($B$1:$B$100=$K12), 0))} -> 0.007275 | T35: =IF(ISNA(N12), TRUE, ABS($M12-N12) > MAX($P35, Q35)) -> TRUE | U35: =IF(ISNA(O12), TRUE, ABS($M12-O12) > MAX($P35, R35)) -> TRUE | V35: =IF(ISNA(P12), TRUE, ABS($M12-P12) > MAX($P35, S35)) -> FALSE | X35: =IF(ISNA(N12), TRUE, ABS($P12-N12) > MAX($S35, Q35)) -> TRUE | Y35: =IF(ISNA(O12), TRUE, ABS($P12-O12) > MAX($S35, R35)) -> TRUE | Z35: =IF(ISNA(M12), TRUE, ABS($P12-M12) > MAX($S35, P35)) -> FALSE | BF35: bom | BG35: collections | BH35: 2
A36: ScalaSQL | B36: andersens | C36: avgt | D36: 1 | E36: 5 | F36: 0.054882 | G36: 0.021817 | H36: s/op | J36: Even-Odd | K36: {=IFERROR(INDEX($Q$3:$Q$18, MATCH(1, ($J36=$L$3:$L$18) * (K$25=$J$3:$J$18), 0)), "")} | L36: {=IFERROR(INDEX($Q$3:$Q$18, MATCH(1, ($J36=$L$3:$L$18) * (L$25=$J$3:$J$18), 0)), "")} -> 23.560616 | M36: {=IFERROR(INDEX($Q$3:$Q$18, MATCH(1, ($J36=$L$3:$L$18) * (M$25=$J$3:$J$18), 0)), "")} | O36: Orbits | P36: {=INDEX($G$1:$G$100, MATCH(1, ($A$1:$A$100=P$25)*($B$1:$B$100=$K13), 0))} -> 0.009846 | Q36: {=INDEX($G$1:$G$100, MATCH(1, ($A$1:$A$100=Q$25)*($B$1:$B$100=$K13), 0))} -> 0.006033 | R36: {=INDEX($G$1:$G$100, MATCH(1, ($A$1:$A$100=R$25)*($B$1:$B$100=$K13), 0))} -> 0.001137 | S36: {=INDEX($G$1:$G$100, MATCH(1, ($A$1:$A$100=S$25)*($B$1:$B$100=$K13), 0))} -> 0.005783 | T36: =IF(ISNA(N13), TRUE, ABS($M13-N13) > MAX($P36, Q36)) -> TRUE | U36: =IF(ISNA(O13), TRUE, ABS($M13-O13) > MAX($P36, R36)) -> FALSE | V36: =IF(ISNA(P13), TRUE, ABS($M13-P13) > MAX($P36, S36)) -> FALSE | X36: =IF(ISNA(N13), TRUE, ABS($P13-N13) > MAX($S36, Q36)) -> TRUE | Y36: =IF(ISNA(O13), TRUE, ABS($P13-O13) > MAX($S36, R36)) -> TRUE | Z36: =IF(ISNA(M13), TRUE, ABS($P13-M13) > MAX($S36, P36)) -> FALSE | BF36: bom | BG36: collections | BH36: 2
A37: ScalaSQL | B37: asps | C37: avgt | D37: 1 | E37: 5 | F37: 0.043912 | G37: 0.011979 | H37: s/op | J37: Orbits | K37: {=IFERROR(INDEX($Q$3:$Q$18, MATCH(1, ($J37=$L$3:$L$18) * (K$25=$J$3:$J$18), 0)), "")} | L37: {=IFERROR(INDEX($Q$3:$Q$18, MATCH(1, ($J37=$L$3:$L$18) * (L$25=$J$3:$J$18), 0)), "")} -> 3.1664 | M37: {=IFERROR(INDEX($Q$3:$Q$18, MATCH(1, ($J37=$L$3:$L$18) * (M$25=$J$3:$J$18), 0)), "")} | O37: Party | P37: {=INDEX($G$1:$G$100, MATCH(1, ($A$1:$A$100=P$25)*($B$1:$B$100=$K14), 0))} -> 0.008817 | Q37: {=INDEX($G$1:$G$100, MATCH(1, ($A$1:$A$100=Q$25)*($B$1:$B$100=$K14), 0))} -> 0.006658 | R37: {=INDEX($G$1:$G$100, MATCH(1, ($A$1:$A$100=R$25)*($B$1:$B$100=$K14), 0))} -> 0.002275 | S37: {=INDEX($G$1:$G$100, MATCH(1, ($A$1:$A$100=S$25)*($B$1:$B$100=$K14), 0))} -> 0.007748 | T37: =IF(ISNA(N14), TRUE, ABS($M14-N14) > MAX($P37, Q37)) -> TRUE | U37: =IF(ISNA(O14), TRUE, ABS($M14-O14) > MAX($P37, R37)) -> FALSE | V37: =IF(ISNA(P14), TRUE, ABS($M14-P14) > MAX($P37, S37)) -> FALSE | X37: =IF(ISNA(N14), TRUE, ABS($P14-N14) > MAX($S37, Q37)) -> TRUE | Y37: =IF(ISNA(O14), TRUE, ABS($P14-O14) > MAX($S37, R37)) -> FALSE | Z37: =IF(ISNA(M14), TRUE, ABS($P14-M14) > MAX($S37, P37)) -> FALSE | BF37: bom | BG37: collections | BH37: 2
... A41: ScalaSQL | B41: cspa | C41: avgt | D41: 1 | E41: 5 | F41: 0.171146 | G41: 0.023592 | H41: s/op | J41: TC | K41: {=IFERROR(INDEX($Q$3:$Q$18, MATCH(1, ($J41=$L$3:$L$18) * (K$25=$J$3:$J$18), 0)), "")} -> 4.4770776 | L41: {=IFERROR(INDEX($Q$3:$Q$18, MATCH(1, ($J41=$L$3:$L$18) * (L$25=$J$3:$J$18), 0)), "")} | M41: {=IFERROR(INDEX($Q$3:$Q$18, MATCH(1, ($J41=$L$3:$L$18) * (M$25=$J$3:$J$18), 0)), "")} | O41: COT | P41: {=INDEX($G$1:$G$100, MATCH(1, ($A$1:$A$100=P$25)*($B$1:$B$100=$K18), 0))} -> 0.005415 | Q41: {=INDEX($G$1:$G$100, MATCH(1, ($A$1:$A$100=Q$25)*($B$1:$B$100=$K18), 0))} -> 0.019131 | R41: {=INDEX($G$1:$G$100, MATCH(1, ($A$1:$A$100=R$25)*($B$1:$B$100=$K18), 0))} -> 0.001287 | S41: {=INDEX($G$1:$G$100, MATCH(1, ($A$1:$A$100=S$25)*($B$1:$B$100=$K18), 0))} -> 0.003313 | T41: =IF(ISNA(N18), TRUE, ABS($M18-N18) > MAX($P41, Q41)) -> TRUE | U41: =IF(ISNA(O18), TRUE, ABS($M18-O18) > MAX($P41, R41)) -> TRUE | V41: =IF(ISNA(P18), TRUE, ABS($M18-P18) > MAX($P41, S41)) -> FALSE | X41: =IF(ISNA(N18), TRUE, ABS($P18-N18) > MAX($S41, Q41)) -> TRUE | Y41: =IF(ISNA(O18), TRUE, ABS($P18-O18) > MAX($S41, R41)) -> TRUE | Z41: =IF(ISNA(M18), TRUE, ABS($P18-M18) > MAX($S41, P41)) -> FALSE | BF41: cba | BG41: collections | BH41: 9
A42: ScalaSQL | B42: dataflow | C42: avgt | D42: 1 | E42: 5 | F42: 0.047777 | G42: 0.005801 | H42: s/op | BF42: cba | BG42: collections | BH42: 9
A43: ScalaSQL | B43: evenodd | C43: avgt | D43: 1 | E43: 5 | F43: 0.327469 | G43: 0.031792 | H43: s/op | J43: COLLECTIONS | BF43: cba | BG43: collections | BH43: 9
A44: ScalaSQL | B44: javapointsto | C44: avgt | D44: 1 | E44: 5 | F44: 0.076816 | G44: 0.016328 | H44: s/op | J44: Query | K44: Large | L44: Medium | M44: Small | BF44: cba | BG44: collections | BH44: 9
A45: ScalaSQL | B45: orbits | C45: avgt | D45: 1 | E45: 5 | F45: 0.037601 | G45: 0.006033 | H45: s/op | J45: APT | K45: {=IFERROR(INDEX($R$3:$R$18, MATCH(1, ($J45=$L$3:$L$18) * (K$44=$J$3:$J$18), 0)), "")} | L45: {=IFERROR(INDEX($R$3:$R$18, MATCH(1, ($J45=$L$3:$L$18) * (L$44=$J$3:$J$18), 0)), "")} | M45: {=IFERROR(INDEX($R$3:$R$18, MATCH(1, ($J45=$L$3:$L$18) * (M$44=$J$3:$J$18), 0)), "")} -> 0.1131889 | BF45: cba | BG45: collections | BH45: 9
A46: ScalaSQL | B46: party | C46: avgt | D46: 1 | E46: 5 | F46: 0.098845 | G46: 0.006658 | H46: s/op | J46: CBA | K46: {=IFERROR(INDEX($R$3:$R$18, MATCH(1, ($J46=$L$3:$L$18) * (K$44=$J$3:$J$18), 0)), "")} | L46: {=IFERROR(INDEX($R$3:$R$18, MATCH(1, ($J46=$L$3:$L$18) * (L$44=$J$3:$J$18), 0)), "")} | M46: {=IFERROR(INDEX($R$3:$R$18, MATCH(1, ($J46=$L$3:$L$18) * (M$44=$J$3:$J$18), 0)), "")} -> 0.21860053 | BF46: cba | BG46: collections | BH46: 9
A47: ScalaSQL | B47: pointstocount | C47: avgt | D47: 1 | E47: 5 | F47: 0.084974 | G47: 0.013314 | H47: s/op | J47: Data Flow | K47: {=IFERROR(INDEX($R$3:$R$18, MATCH(1, ($J47=$L$3:$L$18) * (K$44=$J$3:$J$18), 0)), "")} | L47: {=IFERROR(INDEX($R$3:$R$18, MATCH(1, ($J47=$L$3:$L$18) * (L$44=$J$3:$J$18), 0)), "")} | M47: {=IFERROR(INDEX($R$3:$R$18, MATCH(1, ($J47=$L$3:$L$18) * (M$44=$J$3:$J$18), 0)), "")} -> 0.30775182 | BF47: cba | BG47: collections | BH47: 9
A48: ScalaSQL | B48: sssp | C48: avgt | D48: 1 | E48: 5 | F48: 0.068136 | G48: 0.015009 | H48: s/op | J48: JPT | K48: {=IFERROR(INDEX($R$3:$R$18, MATCH(1, ($J48=$L$3:$L$18) * (K$44=$J$3:$J$18), 0)), "")} | L48: {=IFERROR(INDEX($R$3:$R$18, MATCH(1, ($J48=$L$3:$L$18) * (L$44=$J$3:$J$18), 0)), "")} | M48: {=IFERROR(INDEX($R$3:$R$18, MATCH(1, ($J48=$L$3:$L$18) * (M$44=$J$3:$J$18), 0)), "")} -> 0.17612921 | BF48: cba | BG48: collections | BH48: 9
A49: ScalaSQL | B49: tc | C49: avgt | D49: 1 | E49: 5 | F49: 0.030762 | G49: 0.013948 | H49: s/op | J49: PTC | K49: {=IFERROR(INDEX($R$3:$R$18, MATCH(1, ($J49=$L$3:$L$18) * (K$44=$J$3:$J$18), 0)), "")} | L49: {=IFERROR(INDEX($R$3:$R$18, MATCH(1, ($J49=$L$3:$L$18) * (L$44=$J$3:$J$18), 0)), "")} | M49: {=IFERROR(INDEX($R$3:$R$18, MATCH(1, ($J49=$L$3:$L$18) * (M$44=$J$3:$J$18), 0)), "")} -> 0.1612524 | BF49: cba | BG49: collections | BH49: 9
A50: ScalaSQL | B50: trustchain | C50: avgt | D50: 1 | E50: 5 | F50: 0.15993 | G50: 0.019131 | H50: s/op | J50: ASPS | K50: {=IFERROR(INDEX($R$3:$R$18, MATCH(1, ($J50=$L$3:$L$18) * (K$44=$J$3:$J$18), 0)), "")} | L50: {=IFERROR(INDEX($R$3:$R$18, MATCH(1, ($J50=$L$3:$L$18) * (L$44=$J$3:$J$18), 0)), "")} -> 0.24897796 | M50: {=IFERROR(INDEX($R$3:$R$18, MATCH(1, ($J50=$L$3:$L$18) * (M$44=$J$3:$J$18), 0)), "")} | BF50: cba | BG50: collections | BH50: 9
A51: TyQL | B51: ancestry | C51: avgt | D51: 1 | E51: 5 | F51: 0.007654 | G51: 0.005794 | H51: s/op | J51: BOM | K51: {=IFERROR(INDEX($R$3:$R$18, MATCH(1, ($J51=$L$3:$L$18) * (K$44=$J$3:$J$18), 0)), "")} | L51: {=IFERROR(INDEX($R$3:$R$18, MATCH(1, ($J51=$L$3:$L$18) * (L$44=$J$3:$J$18), 0)), "")} -> 0.23903533 | M51: {=IFERROR(INDEX($R$3:$R$18, MATCH(1, ($J51=$L$3:$L$18) * (M$44=$J$3:$J$18), 0)), "")} | BF51: cc | BG51: collections | BH51: 3
A52: TyQL | B52: andersens | C52: avgt | D52: 1 | E52: 5 | F52: 0.013155 | G52: 0.010588 | H52: s/op | J52: CC | K52: {=IFERROR(INDEX($R$3:$R$18, MATCH(1, ($J52=$L$3:$L$18) * (K$44=$J$3:$J$18), 0)), "")} | L52: {=IFERROR(INDEX($R$3:$R$18, MATCH(1, ($J52=$L$3:$L$18) * (L$44=$J$3:$J$18), 0)), "")} -> 0.21451299 | M52: {=IFERROR(INDEX($R$3:$R$18, MATCH(1, ($J52=$L$3:$L$18) * (M$44=$J$3:$J$18), 0)), "")} | BF52: cc | BG52: collections | BH52: 3
A53: TyQL | B53: asps | C53: avgt | D53: 1 | E53: 5 | F53: 0.012475 | G53: 0.01051 | H53: s/op | J53: COT | K53: {=IFERROR(INDEX($R$3:$R$18, MATCH(1, ($J53=$L$3:$L$18) * (K$44=$J$3:$J$18), 0)), "")} | L53: {=IFERROR(INDEX($R$3:$R$18, MATCH(1, ($J53=$L$3:$L$18) * (L$44=$J$3:$J$18), 0)), "")} -> 0.25083144 | M53: {=IFERROR(INDEX($R$3:$R$18, MATCH(1, ($J53=$L$3:$L$18) * (M$44=$J$3:$J$18), 0)), "")} | BF53: cc | BG53: collections | BH53: 3
A54: TyQL | B54: bom | C54: avgt | D54: 1 | E54: 5 | F54: 0.008915 | G54: 0.008805 | H54: s/op | J54: CSPA | K54: {=IFERROR(INDEX($R$3:$R$18, MATCH(1, ($J54=$L$3:$L$18) * (K$44=$J$3:$J$18), 0)), "")} | L54: {=IFERROR(INDEX($R$3:$R$18, MATCH(1, ($J54=$L$3:$L$18) * (L$44=$J$3:$J$18), 0)), "")} -> 0.11557178 | M54: {=IFERROR(INDEX($R$3:$R$18, MATCH(1, ($J54=$L$3:$L$18) * (M$44=$J$3:$J$18), 0)), "")} | BF54: cc | BG54: collections | BH54: 3
A55: TyQL | B55: cba | C55: avgt | D55: 1 | E55: 5 | F55: 0.028225 | G55: 0.012089 | H55: s/op | J55: Even-Odd | K55: {=IFERROR(INDEX($R$3:$R$18, MATCH(1, ($J55=$L$3:$L$18) * (K$44=$J$3:$J$18), 0)), "")} | L55: {=IFERROR(INDEX($R$3:$R$18, MATCH(1, ($J55=$L$3:$L$18) * (L$44=$J$3:$J$18), 0)), "")} -> 0.29297072 | M55: {=IFERROR(INDEX($R$3:$R$18, MATCH(1, ($J55=$L$3:$L$18) * (M$44=$J$3:$J$18), 0)), "")} | BF55: cc | BG55: collections | BH55: 3
A56: TyQL | B56: cc | C56: avgt | D56: 1 | E56: 5 | F56: 0.011314 | G56: 0.005356 | H56: s/op | J56: Orbits | K56: {=IFERROR(INDEX($R$3:$R$18, MATCH(1, ($J56=$L$3:$L$18) * (K$44=$J$3:$J$18), 0)), "")} | L56: {=IFERROR(INDEX($R$3:$R$18, MATCH(1, ($J56=$L$3:$L$18) * (L$44=$J$3:$J$18), 0)), "")} -> 0.17246316 | M56: {=IFERROR(INDEX($R$3:$R$18, MATCH(1, ($J56=$L$3:$L$18) * (M$44=$J$3:$J$18), 0)), "")} | BF56: cc | BG56: collections | BH56: 3
... A60: TyQL | B60: javapointsto | C60: avgt | D60: 1 | E60: 5 | F60: 0.014302 | G60: 0.007393 | H60: s/op | J60: TC | K60: {=IFERROR(INDEX($R$3:$R$18, MATCH(1, ($J60=$L$3:$L$18) * (K$44=$J$3:$J$18), 0)), "")} -> 0.21481589 | L60: {=IFERROR(INDEX($R$3:$R$18, MATCH(1, ($J60=$L$3:$L$18) * (L$44=$J$3:$J$18), 0)), "")} | M60: {=IFERROR(INDEX($R$3:$R$18, MATCH(1, ($J60=$L$3:$L$18) * (M$44=$J$3:$J$18), 0)), "")} | BF60: cc | BG60: collections | BH60: 3
A61: TyQL | B61: orbits | C61: avgt | D61: 1 | E61: 5 | F61: 0.011875 | G61: 0.009846 | H61: s/op | BF61: cspa | BG61: collections | BH61: 3
A62: TyQL | B62: party | C62: avgt | D62: 1 | E62: 5 | F62: 0.011764 | G62: 0.008817 | H62: s/op | J62: JDBC_RSQL | BF62: cspa | BG62: collections | BH62: 3
A63: TyQL | B63: pointstocount | C63: avgt | D63: 1 | E63: 5 | F63: 0.016161 | G63: 0.006352 | H63: s/op | J63: Query | K63: Large | L63: Medium | M63: Small | BF63: cspa | BG63: collections | BH63: 3
A64: TyQL | B64: sssp | C64: avgt | D64: 1 | E64: 5 | F64: 0.00851 | G64: 0.007419 | H64: s/op | J64: APT | K64: {=IFERROR(INDEX($S$3:$S$18, MATCH(1, ($J45=$L$3:$L$18) * (K$44=$J$3:$J$18), 0)), "")} | L64: {=IFERROR(INDEX($S$3:$S$18, MATCH(1, ($J45=$L$3:$L$18) * (L$44=$J$3:$J$18), 0)), "")} | M64: {=IFERROR(INDEX($S$3:$S$18, MATCH(1, ($J45=$L$3:$L$18) * (M$44=$J$3:$J$18), 0)), "")} -> 0.90619536 | BF64: cspa | BG64: collections | BH64: 3
A65: TyQL | B65: tc | C65: avgt | D65: 1 | E65: 5 | F65: 0.006871 | G65: 0.003636 | H65: s/op | J65: CBA | K65: {=IFERROR(INDEX($S$3:$S$18, MATCH(1, ($J46=$L$3:$L$18) * (K$44=$J$3:$J$18), 0)), "")} | L65: {=IFERROR(INDEX($S$3:$S$18, MATCH(1, ($J46=$L$3:$L$18) * (L$44=$J$3:$J$18), 0)), "")} | M65: {=IFERROR(INDEX($S$3:$S$18, MATCH(1, ($J46=$L$3:$L$18) * (M$44=$J$3:$J$18), 0)), "")} -> 0.88340124 | BF65: cspa | BG65: collections | BH65: 3
A66: TyQL | B66: trustchain | C66: avgt | D66: 1 | E66: 5 | F66: 0.011426 | G66: 0.005415 | H66: s/op | J66: Data Flow | K66: {=IFERROR(INDEX($S$3:$S$18, MATCH(1, ($J47=$L$3:$L$18) * (K$44=$J$3:$J$18), 0)), "")} | L66: {=IFERROR(INDEX($S$3:$S$18, MATCH(1, ($J47=$L$3:$L$18) * (L$44=$J$3:$J$18), 0)), "")} | M66: {=IFERROR(INDEX($S$3:$S$18, MATCH(1, ($J47=$L$3:$L$18) * (M$44=$J$3:$J$18), 0)), "")} -> 0.80875754 | BF66: cspa | BG66: collections | BH66: 3
J67: JPT | K67: {=IFERROR(INDEX($S$3:$S$18, MATCH(1, ($J48=$L$3:$L$18) * (K$44=$J$3:$J$18), 0)), "")} | L67: {=IFERROR(INDEX($S$3:$S$18, MATCH(1, ($J48=$L$3:$L$18) * (L$44=$J$3:$J$18), 0)), "")} | M67: {=IFERROR(INDEX($S$3:$S$18, MATCH(1, ($J48=$L$3:$L$18) * (M$44=$J$3:$J$18), 0)), "")} -> 0.84589568 | BF67: cspa | BG67: collections | BH67: 3
J68: PTC | K68: {=IFERROR(INDEX($S$3:$S$18, MATCH(1, ($J49=$L$3:$L$18) * (K$44=$J$3:$J$18), 0)), "")} | L68: {=IFERROR(INDEX($S$3:$S$18, MATCH(1, ($J49=$L$3:$L$18) * (L$44=$J$3:$J$18), 0)), "")} | M68: {=IFERROR(INDEX($S$3:$S$18, MATCH(1, ($J49=$L$3:$L$18) * (M$44=$J$3:$J$18), 0)), "")} -> 0.76901182 | BF68: cspa | BG68: collections | BH68: 3
J69: ASPS | K69: {=IFERROR(INDEX($S$3:$S$18, MATCH(1, ($J50=$L$3:$L$18) * (K$44=$J$3:$J$18), 0)), "")} | L69: {=IFERROR(INDEX($S$3:$S$18, MATCH(1, ($J50=$L$3:$L$18) * (L$44=$J$3:$J$18), 0)), "")} -> 0.88488978 | M69: {=IFERROR(INDEX($S$3:$S$18, MATCH(1, ($J50=$L$3:$L$18) * (M$44=$J$3:$J$18), 0)), "")} | BF69: cspa | BG69: collections | BH69: 3
J70: BOM | K70: {=IFERROR(INDEX($S$3:$S$18, MATCH(1, ($J51=$L$3:$L$18) * (K$44=$J$3:$J$18), 0)), "")} | L70: {=IFERROR(INDEX($S$3:$S$18, MATCH(1, ($J51=$L$3:$L$18) * (L$44=$J$3:$J$18), 0)), "")} -> 0.96017947 | M70: {=IFERROR(INDEX($S$3:$S$18, MATCH(1, ($J51=$L$3:$L$18) * (M$44=$J$3:$J$18), 0)), "")} | BF70: cspa | BG70: collections | BH70: 3
J71: CC | K71: {=IFERROR(INDEX($S$3:$S$18, MATCH(1, ($J52=$L$3:$L$18) * (K$44=$J$3:$J$18), 0)), "")} | L71: {=IFERROR(INDEX($S$3:$S$18, MATCH(1, ($J52=$L$3:$L$18) * (L$44=$J$3:$J$18), 0)), "")} -> 0.81615697 | M71: {=IFERROR(INDEX($S$3:$S$18, MATCH(1, ($J52=$L$3:$L$18) * (M$44=$J$3:$J$18), 0)), "")} | BF71: dataflow | BG71: collections | BH71: 3
J72: COT | K72: {=IFERROR(INDEX($S$3:$S$18, MATCH(1, ($J53=$L$3:$L$18) * (K$44=$J$3:$J$18), 0)), "")} | L72: {=IFERROR(INDEX($S$3:$S$18, MATCH(1, ($J53=$L$3:$L$18) * (L$44=$J$3:$J$18), 0)), "")} -> 0.72396289 | M72: {=IFERROR(INDEX($S$3:$S$18, MATCH(1, ($J53=$L$3:$L$18) * (M$44=$J$3:$J$18), 0)), "")} | BF72: dataflow | BG72: collections | BH72: 3
J73: CSPA | K73: {=IFERROR(INDEX($S$3:$S$18, MATCH(1, ($J54=$L$3:$L$18) * (K$44=$J$3:$J$18), 0)), "")} | L73: {=IFERROR(INDEX($S$3:$S$18, MATCH(1, ($J54=$L$3:$L$18) * (L$44=$J$3:$J$18), 0)), "")} -> 0.7556842 | M73: {=IFERROR(INDEX($S$3:$S$18, MATCH(1, ($J54=$L$3:$L$18) * (M$44=$J$3:$J$18), 0)), "")} | BF73: dataflow | BG73: collections | BH73: 3
J74: Even-Odd | K74: {=IFERROR(INDEX($S$3:$S$18, MATCH(1, ($J55=$L$3:$L$18) * (K$44=$J$3:$J$18), 0)), "")} | L74: {=IFERROR(INDEX($S$3:$S$18, MATCH(1, ($J55=$L$3:$L$18) * (L$44=$J$3:$J$18), 0)), "")} -> 0.61551191 | M74: {=IFERROR(INDEX($S$3:$S$18, MATCH(1, ($J55=$L$3:$L$18) * (M$44=$J$3:$J$18), 0)), "")} | BF74: dataflow | BG74: collections | BH74: 3
J75: Orbits | K75: {=IFERROR(INDEX($S$3:$S$18, MATCH(1, ($J56=$L$3:$L$18) * (K$44=$J$3:$J$18), 0)), "")} | L75: {=IFERROR(INDEX($S$3:$S$18, MATCH(1, ($J56=$L$3:$L$18) * (L$44=$J$3:$J$18), 0)), "")} -> 0.80421053 | M75: {=IFERROR(INDEX($S$3:$S$18, MATCH(1, ($J56=$L$3:$L$18) * (M$44=$J$3:$J$18), 0)), "")} | BF75: dataflow | BG75: collections | BH75: 3
J76: Party | K76: {=IFERROR(INDEX($S$3:$S$18, MATCH(1, ($J57=$L$3:$L$18) * (K$44=$J$3:$J$18), 0)), "")} | L76: {=IFERROR(INDEX($S$3:$S$18, MATCH(1, ($J57=$L$3:$L$18) * (L$44=$J$3:$J$18), 0)), "")} -> 0.83313499 | M76: {=IFERROR(INDEX($S$3:$S$18, MATCH(1, ($J57=$L$3:$L$18) * (M$44=$J$3:$J$18), 0)), "")} | BF76: dataflow | BG76: collections | BH76: 3
J77: Ancestry | K77: {=IFERROR(INDEX($S$3:$S$18, MATCH(1, ($J58=$L$3:$L$18) * (K$44=$J$3:$J$18), 0)), "")} -> 0.69885027 | L77: {=IFERROR(INDEX($S$3:$S$18, MATCH(1, ($J58=$L$3:$L$18) * (L$44=$J$3:$J$18), 0)), "")} | M77: {=IFERROR(INDEX($S$3:$S$18, MATCH(1, ($J58=$L$3:$L$18) * (M$44=$J$3:$J$18), 0)), "")} | BF77: dataflow | BG77: collections | BH77: 3
J78: SSSP | K78: {=IFERROR(INDEX($S$3:$S$18, MATCH(1, ($J59=$L$3:$L$18) * (K$44=$J$3:$J$18), 0)), "")} -> 1.013396 | L78: {=IFERROR(INDEX($S$3:$S$18, MATCH(1, ($J59=$L$3:$L$18) * (L$44=$J$3:$J$18), 0)), "")} | M78: {=IFERROR(INDEX($S$3:$S$18, MATCH(1, ($J59=$L$3:$L$18) * (M$44=$J$3:$J$18), 0)), "")} | BF78: dataflow | BG78: collections | BH78: 3
J79: TC | K79: {=IFERROR(INDEX($S$3:$S$18, MATCH(1, ($J60=$L$3:$L$18) * (K$44=$J$3:$J$18), 0)), "")} -> 0.72609518 | L79: {=IFERROR(INDEX($S$3:$S$18, MATCH(1, ($J60=$L$3:$L$18) * (L$44=$J$3:$J$18), 0)), "")} | M79: {=IFERROR(INDEX($S$3:$S$18, MATCH(1, ($J60=$L$3:$L$18) * (M$44=$J$3:$J$18), 0)), "")} | BF79: dataflow | BG79: collections | BH79: 3
BF80: dataflow | BG80: collections | BH80: 3
BF81: evenodd | BG81: collections | BH81: 17
BF82: evenodd | BG82: collections | BH82: 17
BF83: evenodd | BG83: collections | BH83: 17
BF84: evenodd | BG84: collections | BH84: 17
BF85: evenodd | BG85: collections | BH85: 17
BF86: evenodd | BG86: collections | BH86: 17
BF87: evenodd | BG87: collections | BH87: 17
BF88: evenodd | BG88: collections | BH88: 17
BF89: evenodd | BG89: collections | BH89: 17
BF90: evenodd | BG90: collections | BH90: 17
BF91: javapointsto | BG91: collections | BH91: 3
... BF321: trustchain | BG321: scalasql | BH321: 7

Sheet medium
Q1: VS TYQL | T1: VS JDBC_RSQL | AD1: Average of 15 | AE1: Column Labels | AH1: StdDev of Iterations | AI1: Column Labels | BB1: Benchmark | BC1: Mode | BD1: Iterations
A2: Benchmark | B2: Mode | C2: Threads | D2: Samples | E2: Score | F2: Score Error (99.9%) | G2: Unit | J2: Size | K2: Query | L2: Formal Name | M2: TyQL | N2: ScalaSQL | O2: Collections | P2: JDBC_RSQL | Q2: Speedup over Non-Recursive SQL | R2: Speedup over Collections | S2: Speedup over JDBC_RSQL | U2: Speedup over Non-Recursive SQL | V2: Speedup over Collections | W2: Speedup over TyQL | AD2: Row Labels | AE2: collections | AF2: scalasql | AH2: Row Labels | AI2: collections | AJ2: scalasql | BB2: ancestry | BC2: collections | BD2: 15
A3: Collections | B3: ancestry | C3: avgt | D3: 1 | E3: 5 | F3: 3.711833 | G3: 0.249602 | H3: s/op | J3: Large | K3: ancestry | L3: Ancestry | M3: {=INDEX($F$1:$F$100, MATCH(1, (A$1:A$100=M$2)*(B$1:B$100=$K3), 0))} -> 0.209304 | N3: {=INDEX($F$1:$F$100, MATCH(1, (A$1:A$100=N$2)*(B$1:B$100=$K3), 0))} -> 0.422596 | O3: {=INDEX($F$1:$F$100, MATCH(1, (A$1:A$100=O$2)*(B$1:B$100=$K3), 0))} -> 3.711833 | P3: {=INDEX($F$1:$F$100, MATCH(1, (A$1:A$100=P$2)*(B$1:B$100=$K3), 0))} -> 0.213615 | Q3: =IF(ISNA($N3), "DNF", $N3/$M3) -> 2.0190536 | R3: =IF(ISNA(O3), "DNF", O3/$M3) -> 17.734171 | S3: =IF(ISNA($P3), "DNF", $P3/$M3) -> 1.0205968 | U3: =IF(ISNA($N3), "DNF", $N3/$P3) -> 1.9783068 | V3: =IF(ISNA($O3), "DNF", $O3/$P3) -> 17.376275 | W3: =IF(ISNA($M3), "DNF", $M3/$P3) -> 0.97981883 | AD3: ancestry | AE3: 15 | AF3: 15 | AH3: ancestry | AI3: 0 | AJ3: 0 | BB3: ancestry | BC3: collections | BD3: 15
A4: Collections | B4: andersens | C4: avgt | D4: 1 | E4: 5 | F4: 4.858561 | G4: 0.110946 | H4: s/op | J4: Small | K4: andersens | L4: APT | M4: {=INDEX($F$1:$F$100, MATCH(1, (A$1:A$100=M$2)*(B$1:B$100=$K4), 0))} -> 0.020128 | N4: {=INDEX($F$1:$F$100, MATCH(1, (A$1:A$100=N$2)*(B$1:B$100=$K4), 0))} -> 0.086502 | O4: {=INDEX($F$1:$F$100, MATCH(1, (A$1:A$100=O$2)*(B$1:B$100=$K4), 0))} -> 4.858561 | P4: {=INDEX($F$1:$F$100, MATCH(1, (A$1:A$100=P$2)*(B$1:B$100=$K4), 0))} -> 0.016421 | Q4: =IF(ISNA($N4), "DNF", $N4/$M4) -> 4.2975954 | R4: =IF(ISNA(O4), "DNF", O4/$M4) -> 241.3832 | S4: =IF(ISNA($P4), "DNF", $P4/$M4) -> 0.8158287 | U4: =IF(ISNA($N4), "DNF", $N4/$P4) -> 5.2677669 | V4: =IF(ISNA($O4), "DNF", $O4/$P4) -> 295.87486 | W4: =IF(ISNA($M4), "DNF", $M4/$P4) -> 1.2257475 | AD4: andersens | AE4: 9 | AF4: 9 | AH4: andersens | AI4: 0 | AJ4: 0 | BB4: ancestry | BC4: collections | BD4: 15
A5: Collections | B5: asps | C5: avgt | D5: 1 | E5: 5 | F5: 33.197489 | G5: 2.153815 | H5: s/op | J5: Medium | K5: asps | L5: ASPS | M5: {=INDEX($F$1:$F$100, MATCH(1, (A$1:A$100=M$2)*(B$1:B$100=$K5), 0))} -> 0.047768 | N5: {=INDEX($F$1:$F$100, MATCH(1, (A$1:A$100=N$2)*(B$1:B$100=$K5), 0))} -> 0.187528 | O5: {=INDEX($F$1:$F$100, MATCH(1, (A$1:A$100=O$2)*(B$1:B$100=$K5), 0))} -> 33.197489 | P5: {=INDEX($F$1:$F$100, MATCH(1, (A$1:A$100=P$2)*(B$1:B$100=$K5), 0))} -> 0.045341 | Q5: =IF(ISNA($N5), "DNF", $N5/$M5) -> 3.9258081 | R5: =IF(ISNA(O5), "DNF", O5/$M5) -> 694.97339 | S5: =IF(ISNA($P5), "DNF", $P5/$M5) -> 0.94919193 | U5: =IF(ISNA($N5), "DNF", $N5/$P5) -> 4.1359476 | V5: =IF(ISNA($O5), "DNF", $O5/$P5) -> 732.17373 | W5: =IF(ISNA($M5), "DNF", $M5/$P5) -> 1.0535277 | AD5: asps | AE5: 3 | AF5: 3 | AH5: asps | AI5: 0 | AJ5: 0 | BB5: ancestry | BC5: collections | BD5: 15
A6: Collections | B6: bom | C6: avgt | D6: 1 | E6: 5 | F6: 139.44781 | G6: 2.998398 | H6: s/op | J6: Medium | K6: bom | L6: BOM | M6: {=INDEX($F$1:$F$100, MATCH(1, (A$1:A$100=M$2)*(B$1:B$100=$K6), 0))} -> 0.08324 | N6: {=INDEX($F$1:$F$100, MATCH(1, (A$1:A$100=N$2)*(B$1:B$100=$K6), 0))} -> 0.564976 | O6: {=INDEX($F$1:$F$100, MATCH(1, (A$1:A$100=O$2)*(B$1:B$100=$K6), 0))} -> 139.44781 | P6: {=INDEX($F$1:$F$100, MATCH(1, (A$1:A$100=P$2)*(B$1:B$100=$K6), 0))} -> 0.075222 | Q6: =IF(ISNA($N6), "DNF", $N6/$M6) -> 6.7873138 | R6: =IF(ISNA(O6), "DNF", O6/$M6) -> 1675.25 | S6: =IF(ISNA($P6), "DNF", $P6/$M6) -> 0.90367612 | U6: =IF(ISNA($N6), "DNF", $N6/$P6) -> 7.5107814 | V6: =IF(ISNA($O6), "DNF", $O6/$P6) -> 1853.8168 | W6: =IF(ISNA($M6), "DNF", $M6/$P6) -> 1.1065912 | AD6: bom | AE6: 5 | AF6: 5 | AH6: bom | AI6: 0 | AJ6: 0 | BB6: ancestry | BC6: collections | BD6: 15
A7: Collections | B7: cc | C7: avgt | D7: 1 | E7: 5 | F7: 13.838817 | G7: 6.194651 | H7: s/op | J7: Small | K7: cba | L7: CBA | M7: {=INDEX($F$1:$F$100, MATCH(1, (A$1:A$100=M$2)*(B$1:B$100=$K7), 0))} -> 0.01988 | N7: {=INDEX($F$1:$F$100, MATCH(1, (A$1:A$100=N$2)*(B$1:B$100=$K7), 0))} -> 0.054289 | O7: {=INDEX($F$1:$F$100, MATCH(1, (A$1:A$100=O$2)*(B$1:B$100=$K7), 0))} -> #N/A | P7: {=INDEX($F$1:$F$100, MATCH(1, (A$1:A$100=P$2)*(B$1:B$100=$K7), 0))} -> 0.016523 | Q7: =IF(ISNA($N7), "DNF", $N7/$M7) -> 2.730835 | R7: =IF(ISNA(O7), "DNF", O7/$M7) -> DNF | S7: =IF(ISNA($P7), "DNF", $P7/$M7) -> 0.83113682 | U7: =IF(ISNA($N7), "DNF", $N7/$P7) -> 3.2856624 | V7: =IF(ISNA($O7), "DNF", $O7/$P7) -> DNF | W7: =IF(ISNA($M7), "DNF", $M7/$P7) -> 1.2031713 | AD7: cba | AF7: 1 | AH7: cba | AJ7: 0 | BB7: ancestry | BC7: collections | BD7: 15
A8: Collections | B8: dataflow | C8: avgt | D8: 1 | E8: 5 | F8: 17.674676 | G8: 0.235394 | H8: s/op | J8: Medium | K8: cc | L8: CC | M8: {=INDEX($F$1:$F$100, MATCH(1, (A$1:A$100=M$2)*(B$1:B$100=$K8), 0))} -> 0.295005 | N8: {=INDEX($F$1:$F$100, MATCH(1, (A$1:A$100=N$2)*(B$1:B$100=$K8), 0))} -> 0.7659 | O8: {=INDEX($F$1:$F$100, MATCH(1, (A$1:A$100=O$2)*(B$1:B$100=$K8), 0))} -> 13.838817 | P8: {=INDEX($F$1:$F$100, MATCH(1, (A$1:A$100=P$2)*(B$1:B$100=$K8), 0))} -> 0.299997 | Q8: =IF(ISNA($N8), "DNF", $N8/$M8) -> 2.5962272 | R8: =IF(ISNA(O8), "DNF", O8/$M8) -> 46.910449 | S8: =IF(ISNA($P8), "DNF", $P8/$M8) -> 1.0169217 | U8: =IF(ISNA($N8), "DNF", $N8/$P8) -> 2.5530255 | V8: =IF(ISNA($O8), "DNF", $O8/$P8) -> 46.129851 | W8: =IF(ISNA($M8), "DNF", $M8/$P8) -> 0.98335983 | AD8: cc | AE8: 3 | AF8: 3 | AH8: cc | AI8: 0 | AJ8: 0 | BB8: ancestry | BC8: collections | BD8: 15
A9: Collections | B9: sssp | C9: avgt | D9: 1 | E9: 5 | F9: 0.578081 | G9: 0.101012 | H9: s/op | J9: Medium | K9: cspa | L9: CSPA | M9: {=INDEX($F$1:$F$100, MATCH(1, (A$1:A$100=M$2)*(B$1:B$100=$K9), 0))} -> 1.06881 | N9: {=INDEX($F$1:$F$100, MATCH(1, (A$1:A$100=N$2)*(B$1:B$100=$K9), 0))} -> 5.711531 | O9: {=INDEX($F$1:$F$100, MATCH(1, (A$1:A$100=O$2)*(B$1:B$100=$K9), 0))} -> #N/A | P9: {=INDEX($F$1:$F$100, MATCH(1, (A$1:A$100=P$2)*(B$1:B$100=$K9), 0))} -> 1.109318 | Q9: =IF(ISNA($N9), "DNF", $N9/$M9) -> 5.3438226 | R9: =IF(ISNA(O9), "DNF", O9/$M9) -> DNF | S9: =IF(ISNA($P9), "DNF", $P9/$M9) -> 1.0379001 | U9: =IF(ISNA($N9), "DNF", $N9/$P9) -> 5.1486869 | V9: =IF(ISNA($O9), "DNF", $O9/$P9) -> DNF | W9: =IF(ISNA($M9), "DNF", $M9/$P9) -> 0.96348387 | AD9: cspa | AF9: 11 | AH9: cspa | AJ9: 0 | BB9: ancestry | BC9: collections | BD9: 15
A10: Collections | B10: tc | C10: avgt | D10: 1 | E10: 5 | F10: 0.332675 | G10: 0.014732 | H10: s/op | J10: Small | K10: dataflow | L10: Data Flow | M10: {=INDEX($F$1:$F$100, MATCH(1, (A$1:A$100=M$2)*(B$1:B$100=$K10), 0))} -> 0.009992 | N10: {=INDEX($F$1:$F$100, MATCH(1, (A$1:A$100=N$2)*(B$1:B$100=$K10), 0))} -> 0.058332 | O10: {=INDEX($F$1:$F$100, MATCH(1, (A$1:A$100=O$2)*(B$1:B$100=$K10), 0))} -> 17.674676 | P10: {=INDEX($F$1:$F$100, MATCH(1, (A$1:A$100=P$2)*(B$1:B$100=$K10), 0))} -> 0.008356 | Q10: =IF(ISNA($N10), "DNF", $N10/$M10) -> 5.8378703 | R10: =IF(ISNA(O10), "DNF", O10/$M10) -> 1768.8827 | S10: =IF(ISNA($P10), "DNF", $P10/$M10) -> 0.83626902 | U10: =IF(ISNA($N10), "DNF", $N10/$P10) -> 6.9808521 | V10: =IF(ISNA($O10), "DNF", $O10/$P10) -> 2115.2078 | W10: =IF(ISNA($M10), "DNF", $M10/$P10) -> 1.1957875 | AD10: dataflow | AE10: 5 | AF10: 5 | AH10: dataflow | AI10: 0 | AJ10: 0 | BB10: ancestry | BC10: collections | BD10: 15
A11: JDBC_RSQL | B11: ancestry | C11: avgt | D11: 1 | E11: 5 | F11: 0.213615 | G11: 0.032332 | H11: s/op | J11: Medium | K11: evenodd | L11: Even-Odd | M11: {=INDEX($F$1:$F$100, MATCH(1, (A$1:A$100=M$2)*(B$1:B$100=$K11), 0))} -> 181.48792 | N11: {=INDEX($F$1:$F$100, MATCH(1, (A$1:A$100=N$2)*(B$1:B$100=$K11), 0))} -> #N/A | O11: {=INDEX($F$1:$F$100, MATCH(1, (A$1:A$100=O$2)*(B$1:B$100=$K11), 0))} -> #N/A | P11: {=INDEX($F$1:$F$100, MATCH(1, (A$1:A$100=P$2)*(B$1:B$100=$K11), 0))} -> 178.27417 | Q11: =IF(ISNA($N11), "DNF", $N11/$M11) -> DNF | R11: =IF(ISNA(O11), "DNF", O11/$M11) -> DNF | S11: =IF(ISNA($P11), "DNF", $P11/$M11) -> 0.98229222 | U11: =IF(ISNA($N11), "DNF", $N11/$P11) -> DNF | V11: =IF(ISNA($O11), "DNF", $O11/$P11) -> DNF | W11: =IF(ISNA($M11), "DNF", $M11/$P11) -> 1.018027 | AD11: javapointsto | AF11: 16 | AH11: javapointsto | AJ11: 0 | BB11: ancestry | BC11: collections | BD11: 15
A12: JDBC_RSQL | B12: andersens | C12: avgt | D12: 1 | E12: 5 | F12: 0.016421 | G12: 0.007981 | H12: s/op | J12: Small | K12: javapointsto | L12: JPT | M12: {=INDEX($F$1:$F$100, MATCH(1, (A$1:A$100=M$2)*(B$1:B$100=$K12), 0))} -> 0.054668 | N12: {=INDEX($F$1:$F$100, MATCH(1, (A$1:A$100=N$2)*(B$1:B$100=$K12), 0))} -> 0.834537 | O12: {=INDEX($F$1:$F$100, MATCH(1, (A$1:A$100=O$2)*(B$1:B$100=$K12), 0))} -> #N/A | P12: {=INDEX($F$1:$F$100, MATCH(1, (A$1:A$100=P$2)*(B$1:B$100=$K12), 0))} -> 0.052683 | Q12: =IF(ISNA($N12), "DNF", $N12/$M12) -> 15.265548 | R12: =IF(ISNA(O12), "DNF", O12/$M12) -> DNF | S12: =IF(ISNA($P12), "DNF", $P12/$M12) -> 0.96368991 | U12: =IF(ISNA($N12), "DNF", $N12/$P12) -> 15.840727 | V12: =IF(ISNA($O12), "DNF", $O12/$P12) -> DNF | W12: =IF(ISNA($M12), "DNF", $M12/$P12) -> 1.0376782 | AD12: orbits | AF12: 2 | AH12: orbits | AJ12: 0 | BB12: andersens | BC12: collections | BD12: 4
A13: JDBC_RSQL | B13: asps | C13: avgt | D13: 1 | E13: 5 | F13: 0.045341 | G13: 0.014982 | H13: s/op | J13: Medium | K13: orbits | L13: Orbits | M13: {=INDEX($F$1:$F$100, MATCH(1, (A$1:A$100=M$2)*(B$1:B$100=$K13), 0))} -> 0.076638 | N13: {=INDEX($F$1:$F$100, MATCH(1, (A$1:A$100=N$2)*(B$1:B$100=$K13), 0))} -> 0.391855 | O13: {=INDEX($F$1:$F$100, MATCH(1, (A$1:A$100=O$2)*(B$1:B$100=$K13), 0))} -> #N/A | P13: {=INDEX($F$1:$F$100, MATCH(1, (A$1:A$100=P$2)*(B$1:B$100=$K13), 0))} -> 0.074972 | Q13: =IF(ISNA($N13), "DNF", $N13/$M13) -> 5.113064 | R13: =IF(ISNA(O13), "DNF", O13/$M13) -> DNF | S13: =IF(ISNA($P13), "DNF", $P13/$M13) -> 0.97826144 | U13: =IF(ISNA($N13), "DNF", $N13/$P13) -> 5.2266846 | V13: =IF(ISNA($O13), "DNF", $O13/$P13) -> DNF | W13: =IF(ISNA($M13), "DNF", $M13/$P13) -> 1.0222216 | AD13: party | AF13: 5 | AH13: party | AJ13: 0 | BB13: andersens | BC13: collections | BD13: 4
A14: JDBC_RSQL | B14: bom | C14: avgt | D14: 1 | E14: 5 | F14: 0.075222 | G14: 0.020248 | H14: s/op | J14: Medium | K14: party | L14: Party | M14: {=INDEX($F$1:$F$100, MATCH(1, (A$1:A$100=M$2)*(B$1:B$100=$K14), 0))} -> 0.093256 | N14: {=INDEX($F$1:$F$100, MATCH(1, (A$1:A$100=N$2)*(B$1:B$100=$K14), 0))} -> 0.953685 | O14: {=INDEX($F$1:$F$100, MATCH(1, (A$1:A$100=O$2)*(B$1:B$100=$K14), 0))} -> #N/A | P14: {=INDEX($F$1:$F$100, MATCH(1, (A$1:A$100=P$2)*(B$1:B$100=$K14), 0))} -> 0.08861 | Q14: =IF(ISNA($N14), "DNF", $N14/$M14) -> 10.226527 | R14: =IF(ISNA(O14), "DNF", O14/$M14) -> DNF | S14: =IF(ISNA($P14), "DNF", $P14/$M14) -> 0.95018015 | U14: =IF(ISNA($N14), "DNF", $N14/$P14) -> 10.762724 | V14: =IF(ISNA($O14), "DNF", $O14/$P14) -> DNF | W14: =IF(ISNA($M14), "DNF", $M14/$P14) -> 1.052432 | AD14: pointstocount | AF14: 16 | AH14: pointstocount | AJ14: 0 | BB14: andersens | BC14: collections | BD14: 4
A15: JDBC_RSQL | B15: cba | C15: avgt | D15: 1 | E15: 5 | F15: 0.016523 | G15: 0.005561 | H15: s/op | J15: Small | K15: pointstocount | L15: PTC | M15: {=INDEX($F$1:$F$100, MATCH(1, (A$1:A$100=M$2)*(B$1:B$100=$K15), 0))} -> 0.052132 | N15: {=INDEX($F$1:$F$100, MATCH(1, (A$1:A$100=N$2)*(B$1:B$100=$K15), 0))} -> 0.840979 | O15: {=INDEX($F$1:$F$100, MATCH(1, (A$1:A$100=O$2)*(B$1:B$100=$K15), 0))} -> #N/A | P15: {=INDEX($F$1:$F$100, MATCH(1, (A$1:A$100=P$2)*(B$1:B$100=$K15), 0))} -> 0.047639 | Q15: =IF(ISNA($N15), "DNF", $N15/$M15) -> 16.131723 | R15: =IF(ISNA(O15), "DNF", O15/$M15) -> DNF | S15: =IF(ISNA($P15), "DNF", $P15/$M15) -> 0.91381493 | U15: =IF(ISNA($N15), "DNF", $N15/$P15) -> 17.653162 | V15: =IF(ISNA($O15), "DNF", $O15/$P15) -> DNF | W15: =IF(ISNA($M15), "DNF", $M15/$P15) -> 1.0943135 | AD15: sssp | AE15: 9 | AF15: 9 | AH15: sssp | AI15: 0 | AJ15: 0 | BB15: andersens | BC15: collections | BD15: 4
A16: JDBC_RSQL | B16: cc | C16: avgt | D16: 1 | E16: 5 | F16: 0.299997 | G16: 0.015205 | H16: s/op | J16: Large | K16: sssp | L16: SSSP | M16: {=INDEX($F$1:$F$100, MATCH(1, (A$1:A$100=M$2)*(B$1:B$100=$K16), 0))} -> 0.026469 | N16: {=INDEX($F$1:$F$100, MATCH(1, (A$1:A$100=N$2)*(B$1:B$100=$K16), 0))} -> 0.152309 | O16: {=INDEX($F$1:$F$100, MATCH(1, (A$1:A$100=O$2)*(B$1:B$100=$K16), 0))} -> 0.578081 | P16: {=INDEX($F$1:$F$100, MATCH(1, (A$1:A$100=P$2)*(B$1:B$100=$K16), 0))} -> 0.025665 | Q16: =IF(ISNA($N16), "DNF", $N16/$M16) -> 5.7542408 | R16: =IF(ISNA(O16), "DNF", O16/$M16) -> 21.839926 | S16: =IF(ISNA($P16), "DNF", $P16/$M16) -> 0.96962484 | U16: =IF(ISNA($N16), "DNF", $N16/$P16) -> 5.9345022 | V16: =IF(ISNA($O16), "DNF", $O16/$P16) -> 22.524099 | W16: =IF(ISNA($M16), "DNF", $M16/$P16) -> 1.0313267 | AD16: tc | AE16: 5 | AF16: 5 | AH16: tc | AI16: 0 | AJ16: 0 | BB16: andersens | BC16: collections | BD16: 4
A17: JDBC_RSQL | B17: cspa | C17: avgt | D17: 1 | E17: 5 | F17: 1.109318 | G17: 0.1164 | H17: s/op | J17: Large | K17: tc | L17: TC | M17: {=INDEX($F$1:$F$100, MATCH(1, (A$1:A$100=M$2)*(B$1:B$100=$K17), 0))} -> 0.020929 | N17: {=INDEX($F$1:$F$100, MATCH(1, (A$1:A$100=N$2)*(B$1:B$100=$K17), 0))} -> 0.079343 | O17: {=INDEX($F$1:$F$100, MATCH(1, (A$1:A$100=O$2)*(B$1:B$100=$K17), 0))} -> 0.332675 | P17: {=INDEX($F$1:$F$100, MATCH(1, (A$1:A$100=P$2)*(B$1:B$100=$K17), 0))} -> 0.017424 | Q17: =IF(ISNA($N17), "DNF", $N17/$M17) -> 3.7910555 | R17: =IF(ISNA(O17), "DNF", O17/$M17) -> 15.895408 | S17: =IF(ISNA($P17), "DNF", $P17/$M17) -> 0.83252903 | U17: =IF(ISNA($N17), "DNF", $N17/$P17) -> 4.5536616 | V17: =IF(ISNA($O17), "DNF", $O17/$P17) -> 19.092918 | W17: =IF(ISNA($M17), "DNF", $M17/$P17) -> 1.2011593 | AD17: trustchain | AF17: 7 | AH17: trustchain | AJ17: 0 | BB17: andersens | BC17: collections | BD17: 4
A18: JDBC_RSQL | B18: dataflow | C18: avgt | D18: 1 | E18: 5 | F18: 0.008356 | G18: 0.005042 | H18: s/op | J18: Medium | K18: trustchain | L18: COT | M18: {=INDEX($F$1:$F$100, MATCH(1, (A$1:A$100=M$2)*(B$1:B$100=$K18), 0))} -> 0.124113 | N18: {=INDEX($F$1:$F$100, MATCH(1, (A$1:A$100=N$2)*(B$1:B$100=$K18), 0))} -> 2.610661 | O18: {=INDEX($F$1:$F$100, MATCH(1, (A$1:A$100=O$2)*(B$1:B$100=$K18), 0))} -> #N/A | P18: {=INDEX($F$1:$F$100, MATCH(1, (A$1:A$100=P$2)*(B$1:B$100=$K18), 0))} -> 0.123728 | Q18: =IF(ISNA($N18), "DNF", $N18/$M18) -> 21.034549 | R18: =IF(ISNA(O18), "DNF", O18/$M18) -> DNF | S18: =IF(ISNA($P18), "DNF", $P18/$M18) -> 0.99689799 | U18: =IF(ISNA($N18), "DNF", $N18/$P18) -> 21.100002 | V18: =IF(ISNA($O18), "DNF", $O18/$P18) -> DNF | W18: =IF(ISNA($M18), "DNF", $M18/$P18) -> 1.0031117 | BB18: andersens | BC18: collections | BD18: 4
A19: JDBC_RSQL | B19: evenodd | C19: avgt | D19: 1 | E19: 5 | F19: 178.27417 | G19: 7.189667 | H19: s/op | BB19: andersens | BC19: collections | BD19: 4
A20: JDBC_RSQL | B20: javapointsto | C20: avgt | D20: 1 | E20: 5 | F20: 0.052683 | G20: 0.009181 | H20: s/op | BB20: andersens | BC20: collections | BD20: 4
A21: JDBC_RSQL | B21: orbits | C21: avgt | D21: 1 | E21: 5 | F21: 0.074972 | G21: 0.014523 | H21: s/op | BB21: andersens | BC21: collections | BD21: 4
A22: JDBC_RSQL | B22: party | C22: avgt | D22: 1 | E22: 5 | F22: 0.08861 | G22: 0.014751 | H22: s/op | BB22: asps | BC22: collections | BD22: 3
A23: JDBC_RSQL | B23: pointstocount | C23: avgt | D23: 1 | E23: 5 | F23: 0.047639 | G23: 0.008205 | H23: s/op | BB23: asps | BC23: collections | BD23: 3
A24: JDBC_RSQL | B24: sssp | C24: avgt | D24: 1 | E24: 5 | F24: 0.025665 | G24: 0.006957 | H24: s/op | J24: SCALASQL | P24: Margin of Error: | T24: TyQL Speedup exceeds error margin? | X24: JDBC_RSQL Speedup exceeds error margin? | BB24: asps | BC24: collections | BD24: 3
A25: JDBC_RSQL | B25: tc | C25: avgt | D25: 1 | E25: 5 | F25: 0.017424 | G25: 0.007413 | H25: s/op | J25: Query | K25: Large | L25: Medium | M25: Small | O25: Formal Name | P25: TyQL | Q25: ScalaSQL | R25: Collections | S25: JDBC_RSQL | T25: SCALASQL | U25: COLLECTIONS | V25: JDBC_RSQL | X25: SCALASQL | Y25: COLLECTIONS | Z25: TyQL | BB25: asps | BC25: collections | BD25: 3
A26: JDBC_RSQL | B26: trustchain | C26: avgt | D26: 1 | E26: 5 | F26: 0.123728 | G26: 0.011287 | H26: s/op | J26: APT | K26: {=IFERROR(INDEX($Q$3:$Q$18, MATCH(1, ($J26=$L$3:$L$18) * (K$25=$J$3:$J$18), 0)), "")} | L26: {=IFERROR(INDEX($Q$3:$Q$18, MATCH(1, ($J26=$L$3:$L$18) * (L$25=$J$3:$J$18), 0)), "")} | M26: {=IFERROR(INDEX($Q$3:$Q$18, MATCH(1, ($J26=$L$3:$L$18) * (M$25=$J$3:$J$18), 0)), "")} -> 4.2975954 | O26: Ancestry | P26: {=INDEX($G$1:$G$100, MATCH(1, ($A$1:$A$100=P$25)*($B$1:$B$100=$K3), 0))} -> 0.059806 | Q26: {=INDEX($G$1:$G$100, MATCH(1, ($A$1:$A$100=Q$25)*($B$1:$B$100=$K3), 0))} -> 0.034178 | R26: {=INDEX($G$1:$G$100, MATCH(1, ($A$1:$A$100=R$25)*($B$1:$B$100=$K3), 0))} -> 0.249602 | S26: {=INDEX($G$1:$G$100, MATCH(1, ($A$1:$A$100=S$25)*($B$1:$B$100=$K3), 0))} -> 0.032332 | T26: =IF(ISNA(N3), TRUE, ABS($M3-N3) > MAX($P26, Q26)) -> TRUE | U26: =IF(ISNA(O3), TRUE, ABS($M3-O3) > MAX($P26, R26)) -> TRUE | V26: =IF(ISNA(P3), TRUE, ABS($M3-P3) > MAX($P26, S26)) -> FALSE | X26: =IF(ISNA(N3), TRUE, ABS($P3-N3) > MAX($S26, Q26)) -> TRUE | Y26: =IF(ISNA(O3), TRUE, ABS($P3-O3) > MAX($S26, R26)) -> TRUE | Z26: =IF(ISNA(M3), TRUE, ABS($P3-M3) > MAX($S26, P26)) -> FALSE | BB26: asps | BC26: collections | BD26: 3
A27: ScalaSQL | B27: ancestry | C27: avgt | D27: 1 | E27: 5 | F27: 0.422596 | G27: 0.034178 | H27: s/op | J27: CBA | K27: {=IFERROR(INDEX($Q$3:$Q$18, MATCH(1, ($J27=$L$3:$L$18) * (K$25=$J$3:$J$18), 0)), "")} | L27: {=IFERROR(INDEX($Q$3:$Q$18, MATCH(1, ($J27=$L$3:$L$18) * (L$25=$J$3:$J$18), 0)), "")} | M27: {=IFERROR(INDEX($Q$3:$Q$18, MATCH(1, ($J27=$L$3:$L$18) * (M$25=$J$3:$J$18), 0)), "")} -> 2.730835 | O27: APT | P27: {=INDEX($G$1:$G$100, MATCH(1, ($A$1:$A$100=P$25)*($B$1:$B$100=$K4), 0))} -> 0.010291 | Q27: {=INDEX($G$1:$G$100, MATCH(1, ($A$1:$A$100=Q$25)*($B$1:$B$100=$K4), 0))} -> 0.013379 | R27: {=INDEX($G$1:$G$100, MATCH(1, ($A$1:$A$100=R$25)*($B$1:$B$100=$K4), 0))} -> 0.110946 | S27: {=INDEX($G$1:$G$100, MATCH(1, ($A$1:$A$100=S$25)*($B$1:$B$100=$K4), 0))} -> 0.007981 | T27: =IF(ISNA(N4), TRUE, ABS($M4-N4) > MAX($P27, Q27)) -> TRUE | U27: =IF(ISNA(O4), TRUE, ABS($M4-O4) > MAX($P27, R27)) -> TRUE | V27: =IF(ISNA(P4), TRUE, ABS($M4-P4) > MAX($P27, S27)) -> FALSE | X27: =IF(ISNA(N4), TRUE, ABS($P4-N4) > MAX($S27, Q27)) -> TRUE | Y27: =IF(ISNA(O4), TRUE, ABS($P4-O4) > MAX($S27, R27)) -> TRUE | Z27: =IF(ISNA(M4), TRUE, ABS($P4-M4) > MAX($S27, P27)) -> FALSE | BB27: asps | BC27: collections | BD27: 3
A28: ScalaSQL | B28: andersens | C28: avgt | D28: 1 | E28: 5 | F28: 0.086502 | G28: 0.013379 | H28: s/op | J28: Data Flow | K28: {=IFERROR(INDEX($Q$3:$Q$18, MATCH(1, ($J28=$L$3:$L$18) * (K$25=$J$3:$J$18), 0)), "")} | L28: {=IFERROR(INDEX($Q$3:$Q$18, MATCH(1, ($J28=$L$3:$L$18) * (L$25=$J$3:$J$18), 0)), "")} | M28: {=IFERROR(INDEX($Q$3:$Q$18, MATCH(1, ($J28=$L$3:$L$18) * (M$25=$J$3:$J$18), 0)), "")} -> 5.8378703 | O28: ASPS | P28: {=INDEX($G$1:$G$100, MATCH(1, ($A$1:$A$100=P$25)*($B$1:$B$100=$K5), 0))} -> 0.004074 | Q28: {=INDEX($G$1:$G$100, MATCH(1, ($A$1:$A$100=Q$25)*($B$1:$B$100=$K5), 0))} -> 0.014536 | R28: {=INDEX($G$1:$G$100, MATCH(1, ($A$1:$A$100=R$25)*($B$1:$B$100=$K5), 0))} -> 2.153815 | S28: {=INDEX($G$1:$G$100, MATCH(1, ($A$1:$A$100=S$25)*($B$1:$B$100=$K5), 0))} -> 0.014982 | T28: =IF(ISNA(N5), TRUE, ABS($M5-N5) > MAX($P28, Q28)) -> TRUE | U28: =IF(ISNA(O5), TRUE, ABS($M5-O5) > MAX($P28, R28)) -> TRUE | V28: =IF(ISNA(P5), TRUE, ABS($M5-P5) > MAX($P28, S28)) -> FALSE | X28: =IF(ISNA(N5), TRUE, ABS($P5-N5) > MAX($S28, Q28)) -> TRUE | Y28: =IF(ISNA(O5), TRUE, ABS($P5-O5) > MAX($S28, R28)) -> TRUE | Z28: =IF(ISNA(M5), TRUE, ABS($P5-M5) > MAX($S28, P28)) -> FALSE | BB28: asps | BC28: collections | BD28: 3
A29: ScalaSQL | B29: asps | C29: avgt | D29: 1 | E29: 5 | F29: 0.187528 | G29: 0.014536 | H29: s/op | J29: JPT | K29: {=IFERROR(INDEX($Q$3:$Q$18, MATCH(1, ($J29=$L$3:$L$18) * (K$25=$J$3:$J$18), 0)), "")} | L29: {=IFERROR(INDEX($Q$3:$Q$18, MATCH(1, ($J29=$L$3:$L$18) * (L$25=$J$3:$J$18), 0)), "")} | M29: {=IFERROR(INDEX($Q$3:$Q$18, MATCH(1, ($J29=$L$3:$L$18) * (M$25=$J$3:$J$18), 0)), "")} -> 15.265548 | O29: BOM | P29: {=INDEX($G$1:$G$100, MATCH(1, ($A$1:$A$100=P$25)*($B$1:$B$100=$K6), 0))} -> 0.028547 | Q29: {=INDEX($G$1:$G$100, MATCH(1, ($A$1:$A$100=Q$25)*($B$1:$B$100=$K6), 0))} -> 0.017455 | R29: {=INDEX($G$1:$G$100, MATCH(1, ($A$1:$A$100=R$25)*($B$1:$B$100=$K6), 0))} -> 2.998398 | S29: {=INDEX($G$1:$G$100, MATCH(1, ($A$1:$A$100=S$25)*($B$1:$B$100=$K6), 0))} -> 0.020248 | T29: =IF(ISNA(N6), TRUE, ABS($M6-N6) > MAX($P29, Q29)) -> TRUE | U29: =IF(ISNA(O6), TRUE, ABS($M6-O6) > MAX($P29, R29)) -> TRUE | V29: =IF(ISNA(P6), TRUE, ABS($M6-P6) > MAX($P29, S29)) -> FALSE | X29: =IF(ISNA(N6), TRUE, ABS($P6-N6) > MAX($S29, Q29)) -> TRUE | Y29: =IF(ISNA(O6), TRUE, ABS($P6-O6) > MAX($S29, R29)) -> TRUE | Z29: =IF(ISNA(M6), TRUE, ABS($P6-M6) > MAX($S29, P29)) -> FALSE | BB29: asps | BC29: collections | BD29: 3
A30: ScalaSQL | B30: bom | C30: avgt | D30: 1 | E30: 5 | F30: 0.564976 | G30: 0.017455 | H30: s/op | J30: PTC | K30: {=IFERROR(INDEX($Q$3:$Q$18, MATCH(1, ($J30=$L$3:$L$18) * (K$25=$J$3:$J$18), 0)), "")} | L30: {=IFERROR(INDEX($Q$3:$Q$18, MATCH(1, ($J30=$L$3:$L$18) * (L$25=$J$3:$J$18), 0)), "")} | M30: {=IFERROR(INDEX($Q$3:$Q$18, MATCH(1, ($J30=$L$3:$L$18) * (M$25=$J$3:$J$18), 0)), "")} -> 16.131723 | O30: CBA | P30: {=INDEX($G$1:$G$100, MATCH(1, ($A$1:$A$100=P$25)*($B$1:$B$100=$K7), 0))} -> 0.013756 | Q30: {=INDEX($G$1:$G$100, MATCH(1, ($A$1:$A$100=Q$25)*($B$1:$B$100=$K7), 0))} -> 0.005301 | R30: {=INDEX($G$1:$G$100, MATCH(1, ($A$1:$A$100=R$25)*($B$1:$B$100=$K7), 0))} -> #N/A | S30: {=INDEX($G$1:$G$100, MATCH(1, ($A$1:$A$100=S$25)*($B$1:$B$100=$K7), 0))} -> 0.005561 | T30: =IF(ISNA(N7), TRUE, ABS($M7-N7) > MAX($P30, Q30)) -> TRUE | U30: =IF(ISNA(O7), TRUE, ABS($M7-O7) > MAX($P30, R30)) -> TRUE | V30: =IF(ISNA(P7), TRUE, ABS($M7-P7) > MAX($P30, S30)) -> FALSE | X30: =IF(ISNA(N7), TRUE, ABS($P7-N7) > MAX($S30, Q30)) -> TRUE | Y30: =IF(ISNA(O7), TRUE, ABS($P7-O7) > MAX($S30, R30)) -> TRUE | Z30: =IF(ISNA(M7), TRUE, ABS($P7-M7) > MAX($S30, P30)) -> FALSE | BB30: asps | BC30: collections | BD30: 3
A31: ScalaSQL | B31: cba | C31: avgt | D31: 1 | E31: 5 | F31: 0.054289 | G31: 0.005301 | H31: s/op | J31: ASPS | K31: {=IFERROR(INDEX($Q$3:$Q$18, MATCH(1, ($J31=$L$3:$L$18) * (K$25=$J$3:$J$18), 0)), "")} | L31: {=IFERROR(INDEX($Q$3:$Q$18, MATCH(1, ($J31=$L$3:$L$18) * (L$25=$J$3:$J$18), 0)), "")} -> 3.9258081 | M31: {=IFERROR(INDEX($Q$3:$Q$18, MATCH(1, ($J31=$L$3:$L$18) * (M$25=$J$3:$J$18), 0)), "")} | O31: CC | P31: {=INDEX($G$1:$G$100, MATCH(1, ($A$1:$A$100=P$25)*($B$1:$B$100=$K8), 0))} -> 0.030958 | Q31: {=INDEX($G$1:$G$100, MATCH(1, ($A$1:$A$100=Q$25)*($B$1:$B$100=$K8), 0))} -> 0.046832 | R31: {=INDEX($G$1:$G$100, MATCH(1, ($A$1:$A$100=R$25)*($B$1:$B$100=$K8), 0))} -> 6.194651 | S31: {=INDEX($G$1:$G$100, MATCH(1, ($A$1:$A$100=S$25)*($B$1:$B$100=$K8), 0))} -> 0.015205 | T31: =IF(ISNA(N8), TRUE, ABS($M8-N8) > MAX($P31, Q31)) -> TRUE | U31: =IF(ISNA(O8), TRUE, ABS($M8-O8) > MAX($P31, R31)) -> TRUE | V31: =IF(ISNA(P8), TRUE, ABS($M8-P8) > MAX($P31, S31)) -> FALSE | X31: =IF(ISNA(N8), TRUE, ABS($P8-N8) > MAX($S31, Q31)) -> TRUE | Y31: =IF(ISNA(O8), TRUE, ABS($P8-O8) > MAX($S31, R31)) -> TRUE | Z31: =IF(ISNA(M8), TRUE, ABS($P8-M8) > MAX($S31, P31)) -> FALSE | BB31: asps | BC31: collections | BD31: 3
A32: ScalaSQL | B32: cc | C32: avgt | D32: 1 | E32: 5 | F32: 0.7659 | G32: 0.046832 | H32: s/op | J32: BOM | K32: {=IFERROR(INDEX($Q$3:$Q$18, MATCH(1, ($J32=$L$3:$L$18) * (K$25=$J$3:$J$18), 0)), "")} | L32: {=IFERROR(INDEX($Q$3:$Q$18, MATCH(1, ($J32=$L$3:$L$18) * (L$25=$J$3:$J$18), 0)), "")} -> 6.7873138 | M32: {=IFERROR(INDEX($Q$3:$Q$18, MATCH(1, ($J32=$L$3:$L$18) * (M$25=$J$3:$J$18), 0)), "")} | O32: CSPA | P32: {=INDEX($G$1:$G$100, MATCH(1, ($A$1:$A$100=P$25)*($B$1:$B$100=$K9), 0))} -> 0.105325 | Q32: {=INDEX($G$1:$G$100, MATCH(1, ($A$1:$A$100=Q$25)*($B$1:$B$100=$K9), 0))} -> 0.334228 | R32: {=INDEX($G$1:$G$100, MATCH(1, ($A$1:$A$100=R$25)*($B$1:$B$100=$K9), 0))} -> #N/A | S32: {=INDEX($G$1:$G$100, MATCH(1, ($A$1:$A$100=S$25)*($B$1:$B$100=$K9), 0))} -> 0.1164 | T32: =IF(ISNA(N9), TRUE, ABS($M9-N9) > MAX($P32, Q32)) -> TRUE | U32: =IF(ISNA(O9), TRUE, ABS($M9-O9) > MAX($P32, R32)) -> TRUE | V32: =IF(ISNA(P9), TRUE, ABS($M9-P9) > MAX($P32, S32)) -> FALSE | X32: =IF(ISNA(N9), TRUE, ABS($P9-N9) > MAX($S32, Q32)) -> TRUE | Y32: =IF(ISNA(O9), TRUE, ABS($P9-O9) > MAX($S32, R32)) -> TRUE | Z32: =IF(ISNA(M9), TRUE, ABS($P9-M9) > MAX($S32, P32)) -> FALSE | BB32: bom | BC32: collections | BD32: 5
A33: ScalaSQL | B33: cspa | C33: avgt | D33: 1 | E33: 5 | F33: 5.711531 | G33: 0.334228 | H33: s/op | J33: CC | K33: {=IFERROR(INDEX($Q$3:$Q$18, MATCH(1, ($J33=$L$3:$L$18) * (K$25=$J$3:$J$18), 0)), "")} | L33: {=IFERROR(INDEX($Q$3:$Q$18, MATCH(1, ($J33=$L$3:$L$18) * (L$25=$J$3:$J$18), 0)), "")} -> 2.5962272 | M33: {=IFERROR(INDEX($Q$3:$Q$18, MATCH(1, ($J33=$L$3:$L$18) * (M$25=$J$3:$J$18), 0)), "")} | O33: Data Flow | P33: {=INDEX($G$1:$G$100, MATCH(1, ($A$1:$A$100=P$25)*($B$1:$B$100=$K10), 0))} -> 0.007308 | Q33: {=INDEX($G$1:$G$100, MATCH(1, ($A$1:$A$100=Q$25)*($B$1:$B$100=$K10), 0))} -> 0.015427 | R33: {=INDEX($G$1:$G$100, MATCH(1, ($A$1:$A$100=R$25)*($B$1:$B$100=$K10), 0))} -> 0.235394 | S33: {=INDEX($G$1:$G$100, MATCH(1, ($A$1:$A$100=S$25)*($B$1:$B$100=$K10), 0))} -> 0.005042 | T33: =IF(ISNA(N10), TRUE, ABS($M10-N10) > MAX($P33, Q33)) -> TRUE | U33: =IF(ISNA(O10), TRUE, ABS($M10-O10) > MAX($P33, R33)) -> TRUE | V33: =IF(ISNA(P10), TRUE, ABS($M10-P10) > MAX($P33, S33)) -> FALSE | X33: =IF(ISNA(N10), TRUE, ABS($P10-N10) > MAX($S33, Q33)) -> TRUE | Y33: =IF(ISNA(O10), TRUE, ABS($P10-O10) > MAX($S33, R33)) -> TRUE | Z33: =IF(ISNA(M10), TRUE, ABS($P10-M10) > MAX($S33, P33)) -> FALSE | BB33: bom | BC33: collections | BD33: 5
A34: ScalaSQL | B34: dataflow | C34: avgt | D34: 1 | E34: 5 | F34: 0.058332 | G34: 0.015427 | H34: s/op | J34: COT | K34: {=IFERROR(INDEX($Q$3:$Q$18, MATCH(1, ($J34=$L$3:$L$18) * (K$25=$J$3:$J$18), 0)), "")} | L34: {=IFERROR(INDEX($Q$3:$Q$18, MATCH(1, ($J34=$L$3:$L$18) * (L$25=$J$3:$J$18), 0)), "")} -> 21.034549 | M34: {=IFERROR(INDEX($Q$3:$Q$18, MATCH(1, ($J34=$L$3:$L$18) * (M$25=$J$3:$J$18), 0)), "")} | O34: Even-Odd | P34: {=INDEX($G$1:$G$100, MATCH(1, ($A$1:$A$100=P$25)*($B$1:$B$100=$K11), 0))} -> 18.844329 | Q34: {=INDEX($G$1:$G$100, MATCH(1, ($A$1:$A$100=Q$25)*($B$1:$B$100=$K11), 0))} -> #N/A | R34: {=INDEX($G$1:$G$100, MATCH(1, ($A$1:$A$100=R$25)*($B$1:$B$100=$K11), 0))} -> #N/A | S34: {=INDEX($G$1:$G$100, MATCH(1, ($A$1:$A$100=S$25)*($B$1:$B$100=$K11), 0))} -> 7.189667 | T34: =IF(ISNA(N11), TRUE, ABS($M11-N11) > MAX($P34, Q34)) -> TRUE | U34: =IF(ISNA(O11), TRUE, ABS($M11-O11) > MAX($P34, R34)) -> TRUE | V34: =IF(ISNA(P11), TRUE, ABS($M11-P11) > MAX($P34, S34)) -> FALSE | X34: =IF(ISNA(N11), TRUE, ABS($P11-N11) > MAX($S34, Q34)) -> TRUE | Y34: =IF(ISNA(O11), TRUE, ABS($P11-O11) > MAX($S34, R34)) -> TRUE | Z34: =IF(ISNA(M11), TRUE, ABS($P11-M11) > MAX($S34, P34)) -> FALSE | BB34: bom | BC34: collections | BD34: 5
A35: ScalaSQL | B35: javapointsto | C35: avgt | D35: 1 | E35: 5 | F35: 0.834537 | G35: 0.104989 | H35: s/op | J35: CSPA | K35: {=IFERROR(INDEX($Q$3:$Q$18, MATCH(1, ($J35=$L$3:$L$18) * (K$25=$J$3:$J$18), 0)), "")} | L35: {=IFERROR(INDEX($Q$3:$Q$18, MATCH(1, ($J35=$L$3:$L$18) * (L$25=$J$3:$J$18), 0)), "")} -> 5.3438226 | M35: {=IFERROR(INDEX($Q$3:$Q$18, MATCH(1, ($J35=$L$3:$L$18) * (M$25=$J$3:$J$18), 0)), "")} | O35: JPT | P35: {=INDEX($G$1:$G$100, MATCH(1, ($A$1:$A$100=P$25)*($B$1:$B$100=$K12), 0))} -> 0.011276 | Q35: {=INDEX($G$1:$G$100, MATCH(1, ($A$1:$A$100=Q$25)*($B$1:$B$100=$K12), 0))} -> 0.104989 | R35: {=INDEX($G$1:$G$100, MATCH(1, ($A$1:$A$100=R$25)*($B$1:$B$100=$K12), 0))} -> #N/A | S35: {=INDEX($G$1:$G$100, MATCH(1, ($A$1:$A$100=S$25)*($B$1:$B$100=$K12), 0))} -> 0.009181 | T35: =IF(ISNA(N12), TRUE, ABS($M12-N12) > MAX($P35, Q35)) -> TRUE | U35: =IF(ISNA(O12), TRUE, ABS($M12-O12) > MAX($P35, R35)) -> TRUE | V35: =IF(ISNA(P12), TRUE, ABS($M12-P12) > MAX($P35, S35)) -> FALSE | X35: =IF(ISNA(N12), TRUE, ABS($P12-N12) > MAX($S35, Q35)) -> TRUE | Y35: =IF(ISNA(O12), TRUE, ABS($P12-O12) > MAX($S35, R35)) -> TRUE | Z35: =IF(ISNA(M12), TRUE, ABS($P12-M12) > MAX($S35, P35)) -> FALSE | BB35: bom | BC35: collections | BD35: 5
A36: ScalaSQL | B36: orbits | C36: avgt | D36: 1 | E36: 5 | F36: 0.391855 | G36: 0.069462 | H36: s/op | J36: Even-Odd | K36: {=IFERROR(INDEX($Q$3:$Q$18, MATCH(1, ($J36=$L$3:$L$18) * (K$25=$J$3:$J$18), 0)), "")} | L36: {=IFERROR(INDEX($Q$3:$Q$18, MATCH(1, ($J36=$L$3:$L$18) * (L$25=$J$3:$J$18), 0)), "")} -> DNF | M36: {=IFERROR(INDEX($Q$3:$Q$18, MATCH(1, ($J36=$L$3:$L$18) * (M$25=$J$3:$J$18), 0)), "")} | O36: Orbits | P36: {=INDEX($G$1:$G$100, MATCH(1, ($A$1:$A$100=P$25)*($B$1:$B$100=$K13), 0))} -> 0.010397 | Q36: {=INDEX($G$1:$G$100, MATCH(1, ($A$1:$A$100=Q$25)*($B$1:$B$100=$K13), 0))} -> 0.069462 | R36: {=INDEX($G$1:$G$100, MATCH(1, ($A$1:$A$100=R$25)*($B$1:$B$100=$K13), 0))} -> #N/A | S36: {=INDEX($G$1:$G$100, MATCH(1, ($A$1:$A$100=S$25)*($B$1:$B$100=$K13), 0))} -> 0.014523 | T36: =IF(ISNA(N13), TRUE, ABS($M13-N13) > MAX($P36, Q36)) -> TRUE | U36: =IF(ISNA(O13), TRUE, ABS($M13-O13) > MAX($P36, R36)) -> TRUE | V36: =IF(ISNA(P13), TRUE, ABS($M13-P13) > MAX($P36, S36)) -> FALSE | X36: =IF(ISNA(N13), TRUE, ABS($P13-N13) > MAX($S36, Q36)) -> TRUE | Y36: =IF(ISNA(O13), TRUE, ABS($P13-O13) > MAX($S36, R36)) -> TRUE | Z36: =IF(ISNA(M13), TRUE, ABS($P13-M13) > MAX($S36, P36)) -> FALSE | BB36: bom | BC36: collections | BD36: 5
A37: ScalaSQL | B37: party | C37: avgt | D37: 1 | E37: 5 | F37: 0.953685 | G37: 0.06219 | H37: s/op | J37: Orbits | K37: {=IFERROR(INDEX($Q$3:$Q$18, MATCH(1, ($J37=$L$3:$L$18) * (K$25=$J$3:$J$18), 0)), "")} | L37: {=IFERROR(INDEX($Q$3:$Q$18, MATCH(1, ($J37=$L$3:$L$18) * (L$25=$J$3:$J$18), 0)), "")} -> 5.113064 | M37: {=IFERROR(INDEX($Q$3:$Q$18, MATCH(1, ($J37=$L$3:$L$18) * (M$25=$J$3:$J$18), 0)), "")} | O37: Party | P37: {=INDEX($G$1:$G$100, MATCH(1, ($A$1:$A$100=P$25)*($B$1:$B$100=$K14), 0))} -> 0.005593 | Q37: {=INDEX($G$1:$G$100, MATCH(1, ($A$1:$A$100=Q$25)*($B$1:$B$100=$K14), 0))} -> 0.06219 | R37: {=INDEX($G$1:$G$100, MATCH(1, ($A$1:$A$100=R$25)*($B$1:$B$100=$K14), 0))} -> #N/A | S37: {=INDEX($G$1:$G$100, MATCH(1, ($A$1:$A$100=S$25)*($B$1:$B$100=$K14), 0))} -> 0.014751 | T37: =IF(ISNA(N14), TRUE, ABS($M14-N14) > MAX($P37, Q37)) -> TRUE | U37: =IF(ISNA(O14), TRUE, ABS($M14-O14) > MAX($P37, R37)) -> TRUE | V37: =IF(ISNA(P14), TRUE, ABS($M14-P14) > MAX($P37, S37)) -> FALSE | X37: =IF(ISNA(N14), TRUE, ABS($P14-N14) > MAX($S37, Q37)) -> TRUE | Y37: =IF(ISNA(O14), TRUE, ABS($P14-O14) > MAX($S37, R37)) -> TRUE | Z37: =IF(ISNA(M14), TRUE, ABS($P14-M14) > MAX($S37, P37)) -> FALSE | BB37: bom | BC37: collections | BD37: 5
... A41: ScalaSQL | B41: trustchain | C41: avgt | D41: 1 | E41: 5 | F41: 2.610661 | G41: 0.290873 | H41: s/op | J41: TC | K41: {=IFERROR(INDEX($Q$3:$Q$18, MATCH(1, ($J41=$L$3:$L$18) * (K$25=$J$3:$J$18), 0)), "")} -> 3.7910555 | L41: {=IFERROR(INDEX($Q$3:$Q$18, MATCH(1, ($J41=$L$3:$L$18) * (L$25=$J$3:$J$18), 0)), "")} | M41: {=IFERROR(INDEX($Q$3:$Q$18, MATCH(1, ($J41=$L$3:$L$18) * (M$25=$J$3:$J$18), 0)), "")} | O41: COT | P41: {=INDEX($G$1:$G$100, MATCH(1, ($A$1:$A$100=P$25)*($B$1:$B$100=$K18), 0))} -> 0.030519 | Q41: {=INDEX($G$1:$G$100, MATCH(1, ($A$1:$A$100=Q$25)*($B$1:$B$100=$K18), 0))} -> 0.290873 | R41: {=INDEX($G$1:$G$100, MATCH(1, ($A$1:$A$100=R$25)*($B$1:$B$100=$K18), 0))} -> #N/A | S41: {=INDEX($G$1:$G$100, MATCH(1, ($A$1:$A$100=S$25)*($B$1:$B$100=$K18), 0))} -> 0.011287 | T41: =IF(ISNA(N18), TRUE, ABS($M18-N18) > MAX($P41, Q41)) -> TRUE | U41: =IF(ISNA(O18), TRUE, ABS($M18-O18) > MAX($P41, R41)) -> TRUE | V41: =IF(ISNA(P18), TRUE, ABS($M18-P18) > MAX($P41, S41)) -> FALSE | X41: =IF(ISNA(N18), TRUE, ABS($P18-N18) > MAX($S41, Q41)) -> TRUE | Y41: =IF(ISNA(O18), TRUE, ABS($P18-O18) > MAX($S41, R41)) -> TRUE | Z41: =IF(ISNA(M18), TRUE, ABS($P18-M18) > MAX($S41, P41)) -> FALSE | BB41: bom | BC41: collections | BD41: 5
A42: TyQL | B42: ancestry | C42: avgt | D42: 1 | E42: 5 | F42: 0.209304 | G42: 0.059806 | H42: s/op | BB42: cc | BC42: collections | BD42: 3
A43: TyQL | B43: andersens | C43: avgt | D43: 1 | E43: 5 | F43: 0.020128 | G43: 0.010291 | H43: s/op | J43: COLLECTIONS | BB43: cc | BC43: collections | BD43: 3
A44: TyQL | B44: asps | C44: avgt | D44: 1 | E44: 5 | F44: 0.047768 | G44: 0.004074 | H44: s/op | J44: Query | K44: Large | L44: Medium | M44: Small | BB44: cc | BC44: collections | BD44: 3
A45: TyQL | B45: bom | C45: avgt | D45: 1 | E45: 5 | F45: 0.08324 | G45: 0.028547 | H45: s/op | J45: APT | K45: {=IFERROR(INDEX($R$3:$R$18, MATCH(1, ($J45=$L$3:$L$18) * (K$44=$J$3:$J$18), 0)), "")} | L45: {=IFERROR(INDEX($R$3:$R$18, MATCH(1, ($J45=$L$3:$L$18) * (L$44=$J$3:$J$18), 0)), "")} | M45: {=IFERROR(INDEX($R$3:$R$18, MATCH(1, ($J45=$L$3:$L$18) * (M$44=$J$3:$J$18), 0)), "")} -> 241.3832 | BB45: cc | BC45: collections | BD45: 3
A46: TyQL | B46: cba | C46: avgt | D46: 1 | E46: 5 | F46: 0.01988 | G46: 0.013756 | H46: s/op | J46: CBA | K46: {=IFERROR(INDEX($R$3:$R$18, MATCH(1, ($J46=$L$3:$L$18) * (K$44=$J$3:$J$18), 0)), "")} | L46: {=IFERROR(INDEX($R$3:$R$18, MATCH(1, ($J46=$L$3:$L$18) * (L$44=$J$3:$J$18), 0)), "")} | M46: {=IFERROR(INDEX($R$3:$R$18, MATCH(1, ($J46=$L$3:$L$18) * (M$44=$J$3:$J$18), 0)), "")} -> DNF | BB46: cc | BC46: collections | BD46: 3
A47: TyQL | B47: cc | C47: avgt | D47: 1 | E47: 5 | F47: 0.295005 | G47: 0.030958 | H47: s/op | J47: Data Flow | K47: {=IFERROR(INDEX($R$3:$R$18, MATCH(1, ($J47=$L$3:$L$18) * (K$44=$J$3:$J$18), 0)), "")} | L47: {=IFERROR(INDEX($R$3:$R$18, MATCH(1, ($J47=$L$3:$L$18) * (L$44=$J$3:$J$18), 0)), "")} | M47: {=IFERROR(INDEX($R$3:$R$18, MATCH(1, ($J47=$L$3:$L$18) * (M$44=$J$3:$J$18), 0)), "")} -> 1768.8827 | BB47: cc | BC47: collections | BD47: 3
A48: TyQL | B48: cspa | C48: avgt | D48: 1 | E48: 5 | F48: 1.06881 | G48: 0.105325 | H48: s/op | J48: JPT | K48: {=IFERROR(INDEX($R$3:$R$18, MATCH(1, ($J48=$L$3:$L$18) * (K$44=$J$3:$J$18), 0)), "")} | L48: {=IFERROR(INDEX($R$3:$R$18, MATCH(1, ($J48=$L$3:$L$18) * (L$44=$J$3:$J$18), 0)), "")} | M48: {=IFERROR(INDEX($R$3:$R$18, MATCH(1, ($J48=$L$3:$L$18) * (M$44=$J$3:$J$18), 0)), "")} -> DNF | BB48: cc | BC48: collections | BD48: 3
A49: TyQL | B49: dataflow | C49: avgt | D49: 1 | E49: 5 | F49: 0.009992 | G49: 0.007308 | H49: s/op | J49: PTC | K49: {=IFERROR(INDEX($R$3:$R$18, MATCH(1, ($J49=$L$3:$L$18) * (K$44=$J$3:$J$18), 0)), "")} | L49: {=IFERROR(INDEX($R$3:$R$18, MATCH(1, ($J49=$L$3:$L$18) * (L$44=$J$3:$J$18), 0)), "")} | M49: {=IFERROR(INDEX($R$3:$R$18, MATCH(1, ($J49=$L$3:$L$18) * (M$44=$J$3:$J$18), 0)), "")} -> DNF | BB49: cc | BC49: collections | BD49: 3
A50: TyQL | B50: evenodd | C50: avgt | D50: 1 | E50: 5 | F50: 181.48792 | G50: 18.844329 | H50: s/op | J50: ASPS | K50: {=IFERROR(INDEX($R$3:$R$18, MATCH(1, ($J50=$L$3:$L$18) * (K$44=$J$3:$J$18), 0)), "")} | L50: {=IFERROR(INDEX($R$3:$R$18, MATCH(1, ($J50=$L$3:$L$18) * (L$44=$J$3:$J$18), 0)), "")} -> 694.97339 | M50: {=IFERROR(INDEX($R$3:$R$18, MATCH(1, ($J50=$L$3:$L$18) * (M$44=$J$3:$J$18), 0)), "")} | BB50: cc | BC50: collections | BD50: 3
A51: TyQL | B51: javapointsto | C51: avgt | D51: 1 | E51: 5 | F51: 0.054668 | G51: 0.011276 | H51: s/op | J51: BOM | K51: {=IFERROR(INDEX($R$3:$R$18, MATCH(1, ($J51=$L$3:$L$18) * (K$44=$J$3:$J$18), 0)), "")} | L51: {=IFERROR(INDEX($R$3:$R$18, MATCH(1, ($J51=$L$3:$L$18) * (L$44=$J$3:$J$18), 0)), "")} -> 1675.25 | M51: {=IFERROR(INDEX($R$3:$R$18, MATCH(1, ($J51=$L$3:$L$18) * (M$44=$J$3:$J$18), 0)), "")} | BB51: cc | BC51: collections | BD51: 3
A52: TyQL | B52: orbits | C52: avgt | D52: 1 | E52: 5 | F52: 0.076638 | G52: 0.010397 | H52: s/op | J52: CC | K52: {=IFERROR(INDEX($R$3:$R$18, MATCH(1, ($J52=$L$3:$L$18) * (K$44=$J$3:$J$18), 0)), "")} | L52: {=IFERROR(INDEX($R$3:$R$18, MATCH(1, ($J52=$L$3:$L$18) * (L$44=$J$3:$J$18), 0)), "")} -> 46.910449 | M52: {=IFERROR(INDEX($R$3:$R$18, MATCH(1, ($J52=$L$3:$L$18) * (M$44=$J$3:$J$18), 0)), "")} | BB52: dataflow | BC52: collections | BD52: 3
A53: TyQL | B53: party | C53: avgt | D53: 1 | E53: 5 | F53: 0.093256 | G53: 0.005593 | H53: s/op | J53: COT | K53: {=IFERROR(INDEX($R$3:$R$18, MATCH(1, ($J53=$L$3:$L$18) * (K$44=$J$3:$J$18), 0)), "")} | L53: {=IFERROR(INDEX($R$3:$R$18, MATCH(1, ($J53=$L$3:$L$18) * (L$44=$J$3:$J$18), 0)), "")} -> DNF | M53: {=IFERROR(INDEX($R$3:$R$18, MATCH(1, ($J53=$L$3:$L$18) * (M$44=$J$3:$J$18), 0)), "")} | BB53: dataflow | BC53: collections | BD53: 3
A54: TyQL | B54: pointstocount | C54: avgt | D54: 1 | E54: 5 | F54: 0.052132 | G54: 0.009716 | H54: s/op | J54: CSPA | K54: {=IFERROR(INDEX($R$3:$R$18, MATCH(1, ($J54=$L$3:$L$18) * (K$44=$J$3:$J$18), 0)), "")} | L54: {=IFERROR(INDEX($R$3:$R$18, MATCH(1, ($J54=$L$3:$L$18) * (L$44=$J$3:$J$18), 0)), "")} -> DNF | M54: {=IFERROR(INDEX($R$3:$R$18, MATCH(1, ($J54=$L$3:$L$18) * (M$44=$J$3:$J$18), 0)), "")} | BB54: dataflow | BC54: collections | BD54: 3
A55: TyQL | B55: sssp | C55: avgt | D55: 1 | E55: 5 | F55: 0.026469 | G55: 0.001235 | H55: s/op | J55: Even-Odd | K55: {=IFERROR(INDEX($R$3:$R$18, MATCH(1, ($J55=$L$3:$L$18) * (K$44=$J$3:$J$18), 0)), "")} | L55: {=IFERROR(INDEX($R$3:$R$18, MATCH(1, ($J55=$L$3:$L$18) * (L$44=$J$3:$J$18), 0)), "")} -> DNF | M55: {=IFERROR(INDEX($R$3:$R$18, MATCH(1, ($J55=$L$3:$L$18) * (M$44=$J$3:$J$18), 0)), "")} | BB55: dataflow | BC55: collections | BD55: 3
A56: TyQL | B56: tc | C56: avgt | D56: 1 | E56: 5 | F56: 0.020929 | G56: 0.008272 | H56: s/op | J56: Orbits | K56: {=IFERROR(INDEX($R$3:$R$18, MATCH(1, ($J56=$L$3:$L$18) * (K$44=$J$3:$J$18), 0)), "")} | L56: {=IFERROR(INDEX($R$3:$R$18, MATCH(1, ($J56=$L$3:$L$18) * (L$44=$J$3:$J$18), 0)), "")} -> DNF | M56: {=IFERROR(INDEX($R$3:$R$18, MATCH(1, ($J56=$L$3:$L$18) * (M$44=$J$3:$J$18), 0)), "")} | BB56: dataflow | BC56: collections | BD56: 3
A57: TyQL | B57: trustchain | C57: avgt | D57: 1 | E57: 5 | F57: 0.124113 | G57: 0.030519 | H57: s/op | J57: Party | K57: {=IFERROR(INDEX($R$3:$R$18, MATCH(1, ($J57=$L$3:$L$18) * (K$44=$J$3:$J$18), 0)), "")} | L57: {=IFERROR(INDEX($R$3:$R$18, MATCH(1, ($J57=$L$3:$L$18) * (L$44=$J$3:$J$18), 0)), "")} -> DNF | M57: {=IFERROR(INDEX($R$3:$R$18, MATCH(1, ($J57=$L$3:$L$18) * (M$44=$J$3:$J$18), 0)), "")} | BB57: dataflow | BC57: collections | BD57: 3
J58: Ancestry | K58: {=IFERROR(INDEX($R$3:$R$18, MATCH(1, ($J58=$L$3:$L$18) * (K$44=$J$3:$J$18), 0)), "")} -> 17.734171 | L58: {=IFERROR(INDEX($R$3:$R$18, MATCH(1, ($J58=$L$3:$L$18) * (L$44=$J$3:$J$18), 0)), "")} | M58: {=IFERROR(INDEX($R$3:$R$18, MATCH(1, ($J58=$L$3:$L$18) * (M$44=$J$3:$J$18), 0)), "")} | BB58: dataflow | BC58: collections | BD58: 3
J59: SSSP | K59: {=IFERROR(INDEX($R$3:$R$18, MATCH(1, ($J59=$L$3:$L$18) * (K$44=$J$3:$J$18), 0)), "")} -> 21.839926 | L59: {=IFERROR(INDEX($R$3:$R$18, MATCH(1, ($J59=$L$3:$L$18) * (L$44=$J$3:$J$18), 0)), "")} | M59: {=IFERROR(INDEX($R$3:$R$18, MATCH(1, ($J59=$L$3:$L$18) * (M$44=$J$3:$J$18), 0)), "")} | BB59: dataflow | BC59: collections | BD59: 3
J60: TC | K60: {=IFERROR(INDEX($R$3:$R$18, MATCH(1, ($J60=$L$3:$L$18) * (K$44=$J$3:$J$18), 0)), "")} -> 15.895408 | L60: {=IFERROR(INDEX($R$3:$R$18, MATCH(1, ($J60=$L$3:$L$18) * (L$44=$J$3:$J$18), 0)), "")} | M60: {=IFERROR(INDEX($R$3:$R$18, MATCH(1, ($J60=$L$3:$L$18) * (M$44=$J$3:$J$18), 0)), "")} | BB60: dataflow | BC60: collections | BD60: 3
BB61: dataflow | BC61: collections | BD61: 3
J62: JDBC_RSQL | BB62: sssp | BC62: collections | BD62: 9
J63: Query | K63: Large | L63: Medium | M63: Small | BB63: sssp | BC63: collections | BD63: 9
J64: APT | K64: {=IFERROR(INDEX($S$3:$S$18, MATCH(1, ($J45=$L$3:$L$18) * (K$44=$J$3:$J$18), 0)), "")} | L64: {=IFERROR(INDEX($S$3:$S$18, MATCH(1, ($J45=$L$3:$L$18) * (L$44=$J$3:$J$18), 0)), "")} | M64: {=IFERROR(INDEX($S$3:$S$18, MATCH(1, ($J45=$L$3:$L$18) * (M$44=$J$3:$J$18), 0)), "")} -> 0.8158287 | BB64: sssp | BC64: collections | BD64: 9
J65: CBA | K65: {=IFERROR(INDEX($S$3:$S$18, MATCH(1, ($J46=$L$3:$L$18) * (K$44=$J$3:$J$18), 0)), "")} | L65: {=IFERROR(INDEX($S$3:$S$18, MATCH(1, ($J46=$L$3:$L$18) * (L$44=$J$3:$J$18), 0)), "")} | M65: {=IFERROR(INDEX($S$3:$S$18, MATCH(1, ($J46=$L$3:$L$18) * (M$44=$J$3:$J$18), 0)), "")} -> 0.83113682 | BB65: sssp | BC65: collections | BD65: 9
J66: Data Flow | K66: {=IFERROR(INDEX($S$3:$S$18, MATCH(1, ($J47=$L$3:$L$18) * (K$44=$J$3:$J$18), 0)), "")} | L66: {=IFERROR(INDEX($S$3:$S$18, MATCH(1, ($J47=$L$3:$L$18) * (L$44=$J$3:$J$18), 0)), "")} | M66: {=IFERROR(INDEX($S$3:$S$18, MATCH(1, ($J47=$L$3:$L$18) * (M$44=$J$3:$J$18), 0)), "")} -> 0.83626902 | BB66: sssp | BC66: collections | BD66: 9
J67: JPT | K67: {=IFERROR(INDEX($S$3:$S$18, MATCH(1, ($J48=$L$3:$L$18) * (K$44=$J$3:$J$18), 0)), "")} | L67: {=IFERROR(INDEX($S$3:$S$18, MATCH(1, ($J48=$L$3:$L$18) * (L$44=$J$3:$J$18), 0)), "")} | M67: {=IFERROR(INDEX($S$3:$S$18, MATCH(1, ($J48=$L$3:$L$18) * (M$44=$J$3:$J$18), 0)), "")} -> 0.96368991 | BB67: sssp | BC67: collections | BD67: 9
J68: PTC | K68: {=IFERROR(INDEX($S$3:$S$18, MATCH(1, ($J49=$L$3:$L$18) * (K$44=$J$3:$J$18), 0)), "")} | L68: {=IFERROR(INDEX($S$3:$S$18, MATCH(1, ($J49=$L$3:$L$18) * (L$44=$J$3:$J$18), 0)), "")} | M68: {=IFERROR(INDEX($S$3:$S$18, MATCH(1, ($J49=$L$3:$L$18) * (M$44=$J$3:$J$18), 0)), "")} -> 0.91381493 | BB68: sssp | BC68: collections | BD68: 9
J69: ASPS | K69: {=IFERROR(INDEX($S$3:$S$18, MATCH(1, ($J50=$L$3:$L$18) * (K$44=$J$3:$J$18), 0)), "")} | L69: {=IFERROR(INDEX($S$3:$S$18, MATCH(1, ($J50=$L$3:$L$18) * (L$44=$J$3:$J$18), 0)), "")} -> 0.94919193 | M69: {=IFERROR(INDEX($S$3:$S$18, MATCH(1, ($J50=$L$3:$L$18) * (M$44=$J$3:$J$18), 0)), "")} | BB69: sssp | BC69: collections | BD69: 9
J70: BOM | K70: {=IFERROR(INDEX($S$3:$S$18, MATCH(1, ($J51=$L$3:$L$18) * (K$44=$J$3:$J$18), 0)), "")} | L70: {=IFERROR(INDEX($S$3:$S$18, MATCH(1, ($J51=$L$3:$L$18) * (L$44=$J$3:$J$18), 0)), "")} -> 0.90367612 | M70: {=IFERROR(INDEX($S$3:$S$18, MATCH(1, ($J51=$L$3:$L$18) * (M$44=$J$3:$J$18), 0)), "")} | BB70: sssp | BC70: collections | BD70: 9
J71: CC | K71: {=IFERROR(INDEX($S$3:$S$18, MATCH(1, ($J52=$L$3:$L$18) * (K$44=$J$3:$J$18), 0)), "")} | L71: {=IFERROR(INDEX($S$3:$S$18, MATCH(1, ($J52=$L$3:$L$18) * (L$44=$J$3:$J$18), 0)), "")} -> 1.0169217 | M71: {=IFERROR(INDEX($S$3:$S$18, MATCH(1, ($J52=$L$3:$L$18) * (M$44=$J$3:$J$18), 0)), "")} | BB71: sssp | BC71: collections | BD71: 9
J72: COT | K72: {=IFERROR(INDEX($S$3:$S$18, MATCH(1, ($J53=$L$3:$L$18) * (K$44=$J$3:$J$18), 0)), "")} | L72: {=IFERROR(INDEX($S$3:$S$18, MATCH(1, ($J53=$L$3:$L$18) * (L$44=$J$3:$J$18), 0)), "")} -> 0.99689799 | M72: {=IFERROR(INDEX($S$3:$S$18, MATCH(1, ($J53=$L$3:$L$18) * (M$44=$J$3:$J$18), 0)), "")} | BB72: tc | BC72: collections | BD72: 5
J73: CSPA | K73: {=IFERROR(INDEX($S$3:$S$18, MATCH(1, ($J54=$L$3:$L$18) * (K$44=$J$3:$J$18), 0)), "")} | L73: {=IFERROR(INDEX($S$3:$S$18, MATCH(1, ($J54=$L$3:$L$18) * (L$44=$J$3:$J$18), 0)), "")} -> 1.0379001 | M73: {=IFERROR(INDEX($S$3:$S$18, MATCH(1, ($J54=$L$3:$L$18) * (M$44=$J$3:$J$18), 0)), "")} | BB73: tc | BC73: collections | BD73: 5
J74: Even-Odd | K74: {=IFERROR(INDEX($S$3:$S$18, MATCH(1, ($J55=$L$3:$L$18) * (K$44=$J$3:$J$18), 0)), "")} | L74: {=IFERROR(INDEX($S$3:$S$18, MATCH(1, ($J55=$L$3:$L$18) * (L$44=$J$3:$J$18), 0)), "")} -> 0.98229222 | M74: {=IFERROR(INDEX($S$3:$S$18, MATCH(1, ($J55=$L$3:$L$18) * (M$44=$J$3:$J$18), 0)), "")} | BB74: tc | BC74: collections | BD74: 5
J75: Orbits | K75: {=IFERROR(INDEX($S$3:$S$18, MATCH(1, ($J56=$L$3:$L$18) * (K$44=$J$3:$J$18), 0)), "")} | L75: {=IFERROR(INDEX($S$3:$S$18, MATCH(1, ($J56=$L$3:$L$18) * (L$44=$J$3:$J$18), 0)), "")} -> 0.97826144 | M75: {=IFERROR(INDEX($S$3:$S$18, MATCH(1, ($J56=$L$3:$L$18) * (M$44=$J$3:$J$18), 0)), "")} | BB75: tc | BC75: collections | BD75: 5
... J79: TC | K79: {=IFERROR(INDEX($S$3:$S$18, MATCH(1, ($J60=$L$3:$L$18) * (K$44=$J$3:$J$18), 0)), "")} -> 0.83252903 | L79: {=IFERROR(INDEX($S$3:$S$18, MATCH(1, ($J60=$L$3:$L$18) * (L$44=$J$3:$J$18), 0)), "")} | M79: {=IFERROR(INDEX($S$3:$S$18, MATCH(1, ($J60=$L$3:$L$18) * (M$44=$J$3:$J$18), 0)), "")} | BB79: tc | BC79: collections | BD79: 5
BB80: tc | BC80: collections | BD80: 5
BB81: tc | BC81: collections | BD81: 5
BB82: ancestry | BC82: scalasql | BD82: 15
BB83: ancestry | BC83: scalasql | BD83: 15
BB84: ancestry | BC84: scalasql | BD84: 15
BB85: ancestry | BC85: scalasql | BD85: 15
BB86: ancestry | BC86: scalasql | BD86: 15
BB87: ancestry | BC87: scalasql | BD87: 15
BB88: ancestry | BC88: scalasql | BD88: 15
BB89: ancestry | BC89: scalasql | BD89: 15
BB90: ancestry | BC90: scalasql | BD90: 15
BB91: ancestry | BC91: scalasql | BD91: 15
... BB231: trustchain | BC231: scalasql | BD231: 7

Sheet large
Q1: VS TYQL | T1: VS JDBC_RSQL | AE1: Average of 3 | AF1: Column Labels | AI1: StdDev of Iterations | AJ1: Column Labels | BE1: Benchmark | BF1: Mode | BG1: Iterations
A2: Benchmark | B2: Mode | C2: Threads | D2: Samples | E2: Score | F2: Score Error (99.9%) | G2: Unit | J2: Size | K2: Query | L2: Formal Name | M2: TyQL | N2: ScalaSQL | O2: Collections | P2: JDBC_RSQL | Q2: Speedup over Non-Recursive SQL | R2: Speedup over Collections | S2: Speedup over JDBC_RSQL | U2: Speedup over Non-Recursive SQL | V2: Speedup over Collections | W2: Speedup over TyQL | AE2: Row Labels | AF2: collections | AG2: scalasql | AI2: Row Labels | AJ2: collections | AK2: scalasql | BE2: andersens | BF2: collections | BG2: 9
A3: Collections | B3: andersens | C3: avgt | D3: 1 | E3: 5 | F3: 58.664898 | G3: 0.371437 | H3: s/op | J3: Large | K3: ancestry | L3: Ancestry | M3: {=INDEX($F$1:$F$100, MATCH(1, (A$1:A$100=M$2)*(B$1:B$100=$K3), 0))} -> 39.469213 | N3: {=INDEX($F$1:$F$100, MATCH(1, (A$1:A$100=N$2)*(B$1:B$100=$K3), 0))} -> #N/A | O3: {=INDEX($F$1:$F$100, MATCH(1, (A$1:A$100=O$2)*(B$1:B$100=$K3), 0))} -> #N/A | P3: {=INDEX($F$1:$F$100, MATCH(1, (A$1:A$100=P$2)*(B$1:B$100=$K3), 0))} -> 39.521869 | Q3: =IF(ISNA($N3), "DNF", $N3/$M3) -> DNF | R3: =IF(ISNA(O3), "DNF", O3/$M3) -> DNF | S3: =IF(ISNA($P3), "DNF", $P3/$M3) -> 1.0013341 | U3: =IF(ISNA($N3), "DNF", $N3/$P3) -> DNF | V3: =IF(ISNA($O3), "DNF", $O3/$P3) -> DNF | W3: =IF(ISNA($M3), "DNF", $M3/$P3) -> 0.99866767 | AE3: ancestry | AG3: 189 | AI3: ancestry | AK3: 0 | BE3: andersens | BF3: collections | BG3: 9
A4: Collections | B4: cc | C4: avgt | D4: 1 | E4: 5 | F4: 40.566227 | G4: 15.468301 | H4: s/op | J4: Small | K4: andersens | L4: APT | M4: {=INDEX($F$1:$F$100, MATCH(1, (A$1:A$100=M$2)*(B$1:B$100=$K4), 0))} -> 0.037757 | N4: {=INDEX($F$1:$F$100, MATCH(1, (A$1:A$100=N$2)*(B$1:B$100=$K4), 0))} -> 0.224871 | O4: {=INDEX($F$1:$F$100, MATCH(1, (A$1:A$100=O$2)*(B$1:B$100=$K4), 0))} -> 58.664898 | P4: {=INDEX($F$1:$F$100, MATCH(1, (A$1:A$100=P$2)*(B$1:B$100=$K4), 0))} -> 0.035412 | Q4: =IF(ISNA($N4), "DNF", $N4/$M4) -> 5.9557433 | R4: =IF(ISNA(O4), "DNF", O4/$M4) -> 1553.7489 | S4: =IF(ISNA($P4), "DNF", $P4/$M4) -> 0.93789231 | U4: =IF(ISNA($N4), "DNF", $N4/$P4) -> 6.3501355 | V4: =IF(ISNA($O4), "DNF", $O4/$P4) -> 1656.6389 | W4: =IF(ISNA($M4), "DNF", $M4/$P4) -> 1.0662205 | AE4: andersens | AG4: 10 | AI4: andersens | AJ4: 0 | AK4: 0 | BE4: andersens | BF4: collections | BG4: 9
A5: Collections | B5: dataflow | C5: avgt | D5: 1 | E5: 5 | F5: 257.40468 | G5: 0.125219 | H5: s/op | J5: Medium | K5: asps | L5: ASPS | M5: {=INDEX($F$1:$F$100, MATCH(1, (A$1:A$100=M$2)*(B$1:B$100=$K5), 0))} -> 0.177232 | N5: {=INDEX($F$1:$F$100, MATCH(1, (A$1:A$100=N$2)*(B$1:B$100=$K5), 0))} -> 0.669624 | O5: {=INDEX($F$1:$F$100, MATCH(1, (A$1:A$100=O$2)*(B$1:B$100=$K5), 0))} -> #N/A | P5: {=INDEX($F$1:$F$100, MATCH(1, (A$1:A$100=P$2)*(B$1:B$100=$K5), 0))} -> 0.172121 | Q5: =IF(ISNA($N5), "DNF", $N5/$M5) -> 3.7782342 | R5: =IF(ISNA(O5), "DNF", O5/$M5) -> DNF | S5: =IF(ISNA($P5), "DNF", $P5/$M5) -> 0.97116209 | U5: =IF(ISNA($N5), "DNF", $N5/$P5) -> 3.8904259 | V5: =IF(ISNA($O5), "DNF", $O5/$P5) -> DNF | W5: =IF(ISNA($M5), "DNF", $M5/$P5) -> 1.0296942 | AE5: asps | AG5: 4 | AI5: asps | AK5: 0 | BE5: andersens | BF5: collections | BG5: 9
A6: Collections | B6: sssp | C6: avgt | D6: 1 | E6: 5 | F6: 233.75162 | G6: 3.933212 | H6: s/op | J6: Medium | K6: bom | L6: BOM | M6: {=INDEX($F$1:$F$100, MATCH(1, (A$1:A$100=M$2)*(B$1:B$100=$K6), 0))} -> 1.108135 | N6: {=INDEX($F$1:$F$100, MATCH(1, (A$1:A$100=N$2)*(B$1:B$100=$K6), 0))} -> 14.777259 | O6: {=INDEX($F$1:$F$100, MATCH(1, (A$1:A$100=O$2)*(B$1:B$100=$K6), 0))} -> #N/A | P6: {=INDEX($F$1:$F$100, MATCH(1, (A$1:A$100=P$2)*(B$1:B$100=$K6), 0))} -> 1.115188 | Q6: =IF(ISNA($N6), "DNF", $N6/$M6) -> 13.335252 | R6: =IF(ISNA(O6), "DNF", O6/$M6) -> DNF | S6: =IF(ISNA($P6), "DNF", $P6/$M6) -> 1.0063647 | U6: =IF(ISNA($N6), "DNF", $N6/$P6) -> 13.250913 | V6: =IF(ISNA($O6), "DNF", $O6/$P6) -> DNF | W6: =IF(ISNA($M6), "DNF", $M6/$P6) -> 0.99367551 | AE6: bom | AG6: 22 | AI6: bom | AK6: 0 | BE6: andersens | BF6: collections | BG6: 9
A7: Collections | B7: tc | C7: avgt | D7: 1 | E7: 5 | F7: 6.633906 | G7: 0.129079 | H7: s/op | J7: Small | K7: cba | L7: CBA | M7: {=INDEX($F$1:$F$100, MATCH(1, (A$1:A$100=M$2)*(B$1:B$100=$K7), 0))} -> 0.0238 | N7: {=INDEX($F$1:$F$100, MATCH(1, (A$1:A$100=N$2)*(B$1:B$100=$K7), 0))} -> 0.059309 | O7: {=INDEX($F$1:$F$100, MATCH(1, (A$1:A$100=O$2)*(B$1:B$100=$K7), 0))} -> #N/A | P7: {=INDEX($F$1:$F$100, MATCH(1, (A$1:A$100=P$2)*(B$1:B$100=$K7), 0))} -> 0.019702 | Q7: =IF(ISNA($N7), "DNF", $N7/$M7) -> 2.4919748 | R7: =IF(ISNA(O7), "DNF", O7/$M7) -> DNF | S7: =IF(ISNA($P7), "DNF", $P7/$M7) -> 0.82781513 | U7: =IF(ISNA($N7), "DNF", $N7/$P7) -> 3.0103035 | V7: =IF(ISNA($O7), "DNF", $O7/$P7) -> DNF | W7: =IF(ISNA($M7), "DNF", $M7/$P7) -> 1.2079992 | AE7: cba | AG7: 1 | AI7: cba | AK7: 0 | BE7: andersens | BF7: collections | BG7: 9
A8: JDBC_RSQL | B8: ancestry | C8: avgt | D8: 1 | E8: 5 | F8: 39.521869 | G8: 1.534343 | H8: s/op | J8: Medium | K8: cc | L8: CC | M8: {=INDEX($F$1:$F$100, MATCH(1, (A$1:A$100=M$2)*(B$1:B$100=$K8), 0))} -> 0.831436 | N8: {=INDEX($F$1:$F$100, MATCH(1, (A$1:A$100=N$2)*(B$1:B$100=$K8), 0))} -> 1.016031 | O8: {=INDEX($F$1:$F$100, MATCH(1, (A$1:A$100=O$2)*(B$1:B$100=$K8), 0))} -> 40.566227 | P8: {=INDEX($F$1:$F$100, MATCH(1, (A$1:A$100=P$2)*(B$1:B$100=$K8), 0))} -> 0.787513 | Q8: =IF(ISNA($N8), "DNF", $N8/$M8) -> 1.2220195 | R8: =IF(ISNA(O8), "DNF", O8/$M8) -> 48.790559 | S8: =IF(ISNA($P8), "DNF", $P8/$M8) -> 0.94717212 | U8: =IF(ISNA($N8), "DNF", $N8/$P8) -> 1.2901768 | V8: =IF(ISNA($O8), "DNF", $O8/$P8) -> 51.511819 | W8: =IF(ISNA($M8), "DNF", $M8/$P8) -> 1.0557743 | AE8: cc | AF8: 3 | AG8: 3 | AI8: cc | AJ8: 0 | AK8: 0 | BE8: andersens | BF8: collections | BG8: 9
A9: JDBC_RSQL | B9: andersens | C9: avgt | D9: 1 | E9: 5 | F9: 0.035412 | G9: 0.009509 | H9: s/op | J9: Medium | K9: cspa | L9: CSPA | M9: {=INDEX($F$1:$F$100, MATCH(1, (A$1:A$100=M$2)*(B$1:B$100=$K9), 0))} -> 31.674879 | N9: {=INDEX($F$1:$F$100, MATCH(1, (A$1:A$100=N$2)*(B$1:B$100=$K9), 0))} -> 318.53118 | O9: {=INDEX($F$1:$F$100, MATCH(1, (A$1:A$100=O$2)*(B$1:B$100=$K9), 0))} -> #N/A | P9: {=INDEX($F$1:$F$100, MATCH(1, (A$1:A$100=P$2)*(B$1:B$100=$K9), 0))} -> 31.570931 | Q9: =IF(ISNA($N9), "DNF", $N9/$M9) -> 10.056271 | R9: =IF(ISNA(O9), "DNF", O9/$M9) -> DNF | S9: =IF(ISNA($P9), "DNF", $P9/$M9) -> 0.99671828 | U9: =IF(ISNA($N9), "DNF", $N9/$P9) -> 10.089382 | V9: =IF(ISNA($O9), "DNF", $O9/$P9) -> DNF | W9: =IF(ISNA($M9), "DNF", $M9/$P9) -> 1.0032925 | AE9: cspa | AG9: 14 | AI9: cspa | AK9: 0 | BE9: andersens | BF9: collections | BG9: 9
A10: JDBC_RSQL | B10: asps | C10: avgt | D10: 1 | E10: 5 | F10: 0.172121 | G10: 0.026743 | H10: s/op | J10: Small | K10: dataflow | L10: Data Flow | M10: {=INDEX($F$1:$F$100, MATCH(1, (A$1:A$100=M$2)*(B$1:B$100=$K10), 0))} -> 0.013561 | N10: {=INDEX($F$1:$F$100, MATCH(1, (A$1:A$100=N$2)*(B$1:B$100=$K10), 0))} -> 0.129119 | O10: {=INDEX($F$1:$F$100, MATCH(1, (A$1:A$100=O$2)*(B$1:B$100=$K10), 0))} -> 257.40468 | P10: {=INDEX($F$1:$F$100, MATCH(1, (A$1:A$100=P$2)*(B$1:B$100=$K10), 0))} -> 0.012593 | Q10: =IF(ISNA($N10), "DNF", $N10/$M10) -> 9.521348 | R10: =IF(ISNA(O10), "DNF", O10/$M10) -> 18981.246 | S10: =IF(ISNA($P10), "DNF", $P10/$M10) -> 0.92861883 | U10: =IF(ISNA($N10), "DNF", $N10/$P10) -> 10.253236 | V10: =IF(ISNA($O10), "DNF", $O10/$P10) -> 20440.299 | W10: =IF(ISNA($M10), "DNF", $M10/$P10) -> 1.0768681 | AE10: dataflow | AG10: 8 | AI10: dataflow | AJ10: 0 | AK10: 0 | BE10: andersens | BF10: collections | BG10: 9
A11: JDBC_RSQL | B11: bom | C11: avgt | D11: 1 | E11: 5 | F11: 1.115188 | G11: 0.11034 | H11: s/op | J11: Medium | K11: evenodd | L11: Even-Odd | M11: {=INDEX($F$1:$F$100, MATCH(1, (A$1:A$100=M$2)*(B$1:B$100=$K11), 0))} -> 450.07722 | N11: {=INDEX($F$1:$F$100, MATCH(1, (A$1:A$100=N$2)*(B$1:B$100=$K11), 0))} -> #N/A | O11: {=INDEX($F$1:$F$100, MATCH(1, (A$1:A$100=O$2)*(B$1:B$100=$K11), 0))} -> #N/A | P11: {=INDEX($F$1:$F$100, MATCH(1, (A$1:A$100=P$2)*(B$1:B$100=$K11), 0))} -> 454.28804 | Q11: =IF(ISNA($N11), "DNF", $N11/$M11) -> DNF | R11: =IF(ISNA(O11), "DNF", O11/$M11) -> DNF | S11: =IF(ISNA($P11), "DNF", $P11/$M11) -> 1.0093558 | U11: =IF(ISNA($N11), "DNF", $N11/$P11) -> DNF | V11: =IF(ISNA($O11), "DNF", $O11/$P11) -> DNF | W11: =IF(ISNA($M11), "DNF", $M11/$P11) -> 0.99073095 | AE11: orbits | AG11: 2 | AI11: orbits | AK11: 0 | BE11: andersens | BF11: collections | BG11: 9
A12: JDBC_RSQL | B12: cba | C12: avgt | D12: 1 | E12: 5 | F12: 0.019702 | G12: 0.013256 | H12: s/op | J12: Small | K12: javapointsto | L12: JPT | M12: {=INDEX($F$1:$F$100, MATCH(1, (A$1:A$100=M$2)*(B$1:B$100=$K12), 0))} -> 0.510478 | N12: {=INDEX($F$1:$F$100, MATCH(1, (A$1:A$100=N$2)*(B$1:B$100=$K12), 0))} -> #N/A | O12: {=INDEX($F$1:$F$100, MATCH(1, (A$1:A$100=O$2)*(B$1:B$100=$K12), 0))} -> #N/A | P12: {=INDEX($F$1:$F$100, MATCH(1, (A$1:A$100=P$2)*(B$1:B$100=$K12), 0))} -> 0.492889 | Q12: =IF(ISNA($N12), "DNF", $N12/$M12) -> DNF | R12: =IF(ISNA(O12), "DNF", O12/$M12) -> DNF | S12: =IF(ISNA($P12), "DNF", $P12/$M12) -> 0.96554406 | U12: =IF(ISNA($N12), "DNF", $N12/$P12) -> DNF | V12: =IF(ISNA($O12), "DNF", $O12/$P12) -> DNF | W12: =IF(ISNA($M12), "DNF", $M12/$P12) -> 1.0356855 | AE12: party | AG12: 7 | AI12: party | AK12: 0 | BE12: cc | BF12: collections | BG12: 3
A13: JDBC_RSQL | B13: cc | C13: avgt | D13: 1 | E13: 5 | F13: 0.787513 | G13: 0.074812 | H13: s/op | J13: Medium | K13: orbits | L13: Orbits | M13: {=INDEX($F$1:$F$100, MATCH(1, (A$1:A$100=M$2)*(B$1:B$100=$K13), 0))} -> 0.432339 | N13: {=INDEX($F$1:$F$100, MATCH(1, (A$1:A$100=N$2)*(B$1:B$100=$K13), 0))} -> 0.743851 | O13: {=INDEX($F$1:$F$100, MATCH(1, (A$1:A$100=O$2)*(B$1:B$100=$K13), 0))} -> #N/A | P13: {=INDEX($F$1:$F$100, MATCH(1, (A$1:A$100=P$2)*(B$1:B$100=$K13), 0))} -> 0.383016 | Q13: =IF(ISNA($N13), "DNF", $N13/$M13) -> 1.7205272 | R13: =IF(ISNA(O13), "DNF", O13/$M13) -> DNF | S13: =IF(ISNA($P13), "DNF", $P13/$M13) -> 0.88591591 | U13: =IF(ISNA($N13), "DNF", $N13/$P13) -> 1.9420886 | V13: =IF(ISNA($O13), "DNF", $O13/$P13) -> DNF | W13: =IF(ISNA($M13), "DNF", $M13/$P13) -> 1.1287753 | AE13: sssp | AF13: 42 | AG13: 42 | AI13: sssp | AJ13: 0 | AK13: 0 | BE13: cc | BF13: collections | BG13: 3
A14: JDBC_RSQL | B14: cspa | C14: avgt | D14: 1 | E14: 5 | F14: 31.570931 | G14: 2.190802 | H14: s/op | J14: Medium | K14: party | L14: Party | M14: {=INDEX($F$1:$F$100, MATCH(1, (A$1:A$100=M$2)*(B$1:B$100=$K14), 0))} -> 0.857735 | N14: {=INDEX($F$1:$F$100, MATCH(1, (A$1:A$100=N$2)*(B$1:B$100=$K14), 0))} -> 4.795818 | O14: {=INDEX($F$1:$F$100, MATCH(1, (A$1:A$100=O$2)*(B$1:B$100=$K14), 0))} -> #N/A | P14: {=INDEX($F$1:$F$100, MATCH(1, (A$1:A$100=P$2)*(B$1:B$100=$K14), 0))} -> 0.873241 | Q14: =IF(ISNA($N14), "DNF", $N14/$M14) -> 5.5912584 | R14: =IF(ISNA(O14), "DNF", O14/$M14) -> DNF | S14: =IF(ISNA($P14), "DNF", $P14/$M14) -> 1.0180778 | U14: =IF(ISNA($N14), "DNF", $N14/$P14) -> 5.4919753 | V14: =IF(ISNA($O14), "DNF", $O14/$P14) -> DNF | W14: =IF(ISNA($M14), "DNF", $M14/$P14) -> 0.98224316 | AE14: tc | AF14: 17 | AG14: 17 | AI14: tc | AJ14: 0 | AK14: 0 | BE14: cc | BF14: collections | BG14: 3
A15: JDBC_RSQL | B15: dataflow | C15: avgt | D15: 1 | E15: 5 | F15: 0.012593 | G15: 0.008282 | H15: s/op | J15: Small | K15: pointstocount | L15: PTC | M15: {=INDEX($F$1:$F$100, MATCH(1, (A$1:A$100=M$2)*(B$1:B$100=$K15), 0))} -> 2.515753 | N15: {=INDEX($F$1:$F$100, MATCH(1, (A$1:A$100=N$2)*(B$1:B$100=$K15), 0))} -> #N/A | O15: {=INDEX($F$1:$F$100, MATCH(1, (A$1:A$100=O$2)*(B$1:B$100=$K15), 0))} -> #N/A | P15: {=INDEX($F$1:$F$100, MATCH(1, (A$1:A$100=P$2)*(B$1:B$100=$K15), 0))} -> 2.450649 | Q15: =IF(ISNA($N15), "DNF", $N15/$M15) -> DNF | R15: =IF(ISNA(O15), "DNF", O15/$M15) -> DNF | S15: =IF(ISNA($P15), "DNF", $P15/$M15) -> 0.97412147 | U15: =IF(ISNA($N15), "DNF", $N15/$P15) -> DNF | V15: =IF(ISNA($O15), "DNF", $O15/$P15) -> DNF | W15: =IF(ISNA($M15), "DNF", $M15/$P15) -> 1.026566 | AE15: trustchain | AG15: 10 | AI15: trustchain | AK15: 0 | BE15: cc | BF15: collections | BG15: 3
A16: JDBC_RSQL | B16: evenodd | C16: avgt | D16: 1 | E16: 5 | F16: 454.28804 | G16: 24.824616 | H16: s/op | J16: Large | K16: sssp | L16: SSSP | M16: {=INDEX($F$1:$F$100, MATCH(1, (A$1:A$100=M$2)*(B$1:B$100=$K16), 0))} -> 0.162852 | N16: {=INDEX($F$1:$F$100, MATCH(1, (A$1:A$100=N$2)*(B$1:B$100=$K16), 0))} -> 1.773092 | O16: {=INDEX($F$1:$F$100, MATCH(1, (A$1:A$100=O$2)*(B$1:B$100=$K16), 0))} -> 233.75162 | P16: {=INDEX($F$1:$F$100, MATCH(1, (A$1:A$100=P$2)*(B$1:B$100=$K16), 0))} -> 0.166826 | Q16: =IF(ISNA($N16), "DNF", $N16/$M16) -> 10.887751 | R16: =IF(ISNA(O16), "DNF", O16/$M16) -> 1435.3623 | S16: =IF(ISNA($P16), "DNF", $P16/$M16) -> 1.0244025 | U16: =IF(ISNA($N16), "DNF", $N16/$P16) -> 10.628391 | V16: =IF(ISNA($O16), "DNF", $O16/$P16) -> 1401.1702 | W16: =IF(ISNA($M16), "DNF", $M16/$P16) -> 0.97617877 | BE16: cc | BF16: collections | BG16: 3
A17: JDBC_RSQL | B17: javapointsto | C17: avgt | D17: 1 | E17: 5 | F17: 0.492889 | G17: 0.049963 | H17: s/op | J17: Large | K17: tc | L17: TC | M17: {=INDEX($F$1:$F$100, MATCH(1, (A$1:A$100=M$2)*(B$1:B$100=$K17), 0))} -> 0.064223 | N17: {=INDEX($F$1:$F$100, MATCH(1, (A$1:A$100=N$2)*(B$1:B$100=$K17), 0))} -> 0.250339 | O17: {=INDEX($F$1:$F$100, MATCH(1, (A$1:A$100=O$2)*(B$1:B$100=$K17), 0))} -> 6.633906 | P17: {=INDEX($F$1:$F$100, MATCH(1, (A$1:A$100=P$2)*(B$1:B$100=$K17), 0))} -> 0.062243 | Q17: =IF(ISNA($N17), "DNF", $N17/$M17) -> 3.8979649 | R17: =IF(ISNA(O17), "DNF", O17/$M17) -> 103.29486 | S17: =IF(ISNA($P17), "DNF", $P17/$M17) -> 0.96916992 | U17: =IF(ISNA($N17), "DNF", $N17/$P17) -> 4.0219623 | V17: =IF(ISNA($O17), "DNF", $O17/$P17) -> 106.58076 | W17: =IF(ISNA($M17), "DNF", $M17/$P17) -> 1.0318108 | BE17: cc | BF17: collections | BG17: 3
A18: JDBC_RSQL | B18: orbits | C18: avgt | D18: 1 | E18: 5 | F18: 0.383016 | G18: 0.039408 | H18: s/op | J18: Medium | K18: trustchain | L18: COT | M18: {=INDEX($F$1:$F$100, MATCH(1, (A$1:A$100=M$2)*(B$1:B$100=$K18), 0))} -> 1.32355 | N18: {=INDEX($F$1:$F$100, MATCH(1, (A$1:A$100=N$2)*(B$1:B$100=$K18), 0))} -> 9.975624 | O18: {=INDEX($F$1:$F$100, MATCH(1, (A$1:A$100=O$2)*(B$1:B$100=$K18), 0))} -> #N/A | P18: {=INDEX($F$1:$F$100, MATCH(1, (A$1:A$100=P$2)*(B$1:B$100=$K18), 0))} -> 1.355848 | Q18: =IF(ISNA($N18), "DNF", $N18/$M18) -> 7.5370209 | R18: =IF(ISNA(O18), "DNF", O18/$M18) -> DNF | S18: =IF(ISNA($P18), "DNF", $P18/$M18) -> 1.0244026 | U18: =IF(ISNA($N18), "DNF", $N18/$P18) -> 7.3574796 | V18: =IF(ISNA($O18), "DNF", $O18/$P18) -> DNF | W18: =IF(ISNA($M18), "DNF", $M18/$P18) -> 0.97617875 | BE18: cc | BF18: collections | BG18: 3
A19: JDBC_RSQL | B19: party | C19: avgt | D19: 1 | E19: 5 | F19: 0.873241 | G19: 0.144875 | H19: s/op | BE19: cc | BF19: collections | BG19: 3
A20: JDBC_RSQL | B20: pointstocount | C20: avgt | D20: 1 | E20: 5 | F20: 2.450649 | G20: 0.470711 | H20: s/op | BE20: cc | BF20: collections | BG20: 3
A21: JDBC_RSQL | B21: sssp | C21: avgt | D21: 1 | E21: 5 | F21: 0.166826 | G21: 0.023426 | H21: s/op | BE21: cc | BF21: collections | BG21: 3
A22: JDBC_RSQL | B22: tc | C22: avgt | D22: 1 | E22: 5 | F22: 0.062243 | G22: 0.008524 | H22: s/op | BE22: dataflow | BF22: collections | BG22: 5
A23: JDBC_RSQL | B23: trustchain | C23: avgt | D23: 1 | E23: 5 | F23: 1.355848 | G23: 0.179258 | H23: s/op | BE23: dataflow | BF23: collections | BG23: 5
A24: ScalaSQL | B24: andersens | C24: avgt | D24: 1 | E24: 5 | F24: 0.224871 | G24: 0.01998 | H24: s/op | J24: SCALASQL | P24: Margin of Error: | T24: TYQL Speedup exceeds error margin? | X24: JDBC_RSQL Speedup exceeds error margin? | BE24: dataflow | BF24: collections | BG24: 5
A25: ScalaSQL | B25: asps | C25: avgt | D25: 1 | E25: 5 | F25: 0.669624 | G25: 0.159839 | H25: s/op | J25: Query | K25: Large | L25: Medium | M25: Small | O25: Formal Name | P25: TyQL | Q25: ScalaSQL | R25: Collections | S25: JDBC_RSQL | T25: SCALASQL | U25: COLLECTIONS | V25: JDBC_RSQL | X25: SCALASQL | Y25: COLLECTIONS | Z25: TyQL | BE25: dataflow | BF25: collections | BG25: 5
A26: ScalaSQL | B26: bom | C26: avgt | D26: 1 | E26: 5 | F26: 14.777259 | G26: 3.032299 | H26: s/op | J26: APT | K26: {=IFERROR(INDEX($Q$3:$Q$18, MATCH(1, ($J26=$L$3:$L$18) * (K$25=$J$3:$J$18), 0)), "")} | L26: {=IFERROR(INDEX($Q$3:$Q$18, MATCH(1, ($J26=$L$3:$L$18) * (L$25=$J$3:$J$18), 0)), "")} | M26: {=IFERROR(INDEX($Q$3:$Q$18, MATCH(1, ($J26=$L$3:$L$18) * (M$25=$J$3:$J$18), 0)), "")} -> 5.9557433 | O26: Ancestry | P26: {=INDEX($G$1:$G$100, MATCH(1, ($A$1:$A$100=P$25)*($B$1:$B$100=$K3), 0))} -> 0.861141 | Q26: {=INDEX($G$1:$G$100, MATCH(1, ($A$1:$A$100=Q$25)*($B$1:$B$100=$K3), 0))} -> #N/A | R26: {=INDEX($G$1:$G$100, MATCH(1, ($A$1:$A$100=R$25)*($B$1:$B$100=$K3), 0))} -> #N/A | S26: {=INDEX($G$1:$G$100, MATCH(1, ($A$1:$A$100=S$25)*($B$1:$B$100=$K3), 0))} -> 1.534343 | T26: =IF(ISNA(N3), TRUE, ABS($M3-N3) > MAX($P26, Q26)) -> TRUE | U26: =IF(ISNA(O3), TRUE, ABS($M3-O3) > MAX($P26, R26)) -> TRUE | V26: =IF(ISNA(P3), TRUE, ABS($M3-P3) > MAX($P26, S26)) -> FALSE | X26: =IF(ISNA(N3), TRUE, ABS($P3-N3) > MAX($S26, Q26)) -> TRUE | Y26: =IF(ISNA(O3), TRUE, ABS($P3-O3) > MAX($S26, R26)) -> TRUE | Z26: =IF(ISNA(M3), TRUE, ABS($P3-M3) > MAX($S26, P26)) -> FALSE | BE26: dataflow | BF26: collections | BG26: 5
A27: ScalaSQL | B27: cba | C27: avgt | D27: 1 | E27: 5 | F27: 0.059309 | G27: 0.004252 | H27: s/op | J27: CBA | K27: {=IFERROR(INDEX($Q$3:$Q$18, MATCH(1, ($J27=$L$3:$L$18) * (K$25=$J$3:$J$18), 0)), "")} | L27: {=IFERROR(INDEX($Q$3:$Q$18, MATCH(1, ($J27=$L$3:$L$18) * (L$25=$J$3:$J$18), 0)), "")} | M27: {=IFERROR(INDEX($Q$3:$Q$18, MATCH(1, ($J27=$L$3:$L$18) * (M$25=$J$3:$J$18), 0)), "")} -> 2.4919748 | O27: APT | P27: {=INDEX($G$1:$G$100, MATCH(1, ($A$1:$A$100=P$25)*($B$1:$B$100=$K4), 0))} -> 0.006103 | Q27: {=INDEX($G$1:$G$100, MATCH(1, ($A$1:$A$100=Q$25)*($B$1:$B$100=$K4), 0))} -> 0.01998 | R27: {=INDEX($G$1:$G$100, MATCH(1, ($A$1:$A$100=R$25)*($B$1:$B$100=$K4), 0))} -> 0.371437 | S27: {=INDEX($G$1:$G$100, MATCH(1, ($A$1:$A$100=S$25)*($B$1:$B$100=$K4), 0))} -> 0.009509 | T27: =IF(ISNA(N4), TRUE, ABS($M4-N4) > MAX($P27, Q27)) -> TRUE | U27: =IF(ISNA(O4), TRUE, ABS($M4-O4) > MAX($P27, R27)) -> TRUE | V27: =IF(ISNA(P4), TRUE, ABS($M4-P4) > MAX($P27, S27)) -> FALSE | X27: =IF(ISNA(N4), TRUE, ABS($P4-N4) > MAX($S27, Q27)) -> TRUE | Y27: =IF(ISNA(O4), TRUE, ABS($P4-O4) > MAX($S27, R27)) -> TRUE | Z27: =IF(ISNA(M4), TRUE, ABS($P4-M4) > MAX($S27, P27)) -> FALSE | BE27: dataflow | BF27: collections | BG27: 5
A28: ScalaSQL | B28: cc | C28: avgt | D28: 1 | E28: 5 | F28: 1.016031 | G28: 0.071666 | H28: s/op | J28: Data Flow | K28: {=IFERROR(INDEX($Q$3:$Q$18, MATCH(1, ($J28=$L$3:$L$18) * (K$25=$J$3:$J$18), 0)), "")} | L28: {=IFERROR(INDEX($Q$3:$Q$18, MATCH(1, ($J28=$L$3:$L$18) * (L$25=$J$3:$J$18), 0)), "")} | M28: {=IFERROR(INDEX($Q$3:$Q$18, MATCH(1, ($J28=$L$3:$L$18) * (M$25=$J$3:$J$18), 0)), "")} -> 9.521348 | O28: ASPS | P28: {=INDEX($G$1:$G$100, MATCH(1, ($A$1:$A$100=P$25)*($B$1:$B$100=$K5), 0))} -> 0.037965 | Q28: {=INDEX($G$1:$G$100, MATCH(1, ($A$1:$A$100=Q$25)*($B$1:$B$100=$K5), 0))} -> 0.159839 | R28: {=INDEX($G$1:$G$100, MATCH(1, ($A$1:$A$100=R$25)*($B$1:$B$100=$K5), 0))} -> #N/A | S28: {=INDEX($G$1:$G$100, MATCH(1, ($A$1:$A$100=S$25)*($B$1:$B$100=$K5), 0))} -> 0.026743 | T28: =IF(ISNA(N5), TRUE, ABS($M5-N5) > MAX($P28, Q28)) -> TRUE | U28: =IF(ISNA(O5), TRUE, ABS($M5-O5) > MAX($P28, R28)) -> TRUE | V28: =IF(ISNA(P5), TRUE, ABS($M5-P5) > MAX($P28, S28)) -> FALSE | X28: =IF(ISNA(N5), TRUE, ABS($P5-N5) > MAX($S28, Q28)) -> TRUE | Y28: =IF(ISNA(O5), TRUE, ABS($P5-O5) > MAX($S28, R28)) -> TRUE | Z28: =IF(ISNA(M5), TRUE, ABS($P5-M5) > MAX($S28, P28)) -> FALSE | BE28: dataflow | BF28: collections | BG28: 5
A29: ScalaSQL | B29: cspa | C29: avgt | D29: 1 | E29: 5 | F29: 318.53118 | G29: 23.956686 | H29: s/op | J29: JPT | K29: {=IFERROR(INDEX($Q$3:$Q$18, MATCH(1, ($J29=$L$3:$L$18) * (K$25=$J$3:$J$18), 0)), "")} | L29: {=IFERROR(INDEX($Q$3:$Q$18, MATCH(1, ($J29=$L$3:$L$18) * (L$25=$J$3:$J$18), 0)), "")} | M29: {=IFERROR(INDEX($Q$3:$Q$18, MATCH(1, ($J29=$L$3:$L$18) * (M$25=$J$3:$J$18), 0)), "")} -> DNF | O29: BOM | P29: {=INDEX($G$1:$G$100, MATCH(1, ($A$1:$A$100=P$25)*($B$1:$B$100=$K6), 0))} -> 0.078641 | Q29: {=INDEX($G$1:$G$100, MATCH(1, ($A$1:$A$100=Q$25)*($B$1:$B$100=$K6), 0))} -> 3.032299 | R29: {=INDEX($G$1:$G$100, MATCH(1, ($A$1:$A$100=R$25)*($B$1:$B$100=$K6), 0))} -> #N/A | S29: {=INDEX($G$1:$G$100, MATCH(1, ($A$1:$A$100=S$25)*($B$1:$B$100=$K6), 0))} -> 0.11034 | T29: =IF(ISNA(N6), TRUE, ABS($M6-N6) > MAX($P29, Q29)) -> TRUE | U29: =IF(ISNA(O6), TRUE, ABS($M6-O6) > MAX($P29, R29)) -> TRUE | V29: =IF(ISNA(P6), TRUE, ABS($M6-P6) > MAX($P29, S29)) -> FALSE | X29: =IF(ISNA(N6), TRUE, ABS($P6-N6) > MAX($S29, Q29)) -> TRUE | Y29: =IF(ISNA(O6), TRUE, ABS($P6-O6) > MAX($S29, R29)) -> TRUE | Z29: =IF(ISNA(M6), TRUE, ABS($P6-M6) > MAX($S29, P29)) -> FALSE | BE29: dataflow | BF29: collections | BG29: 5
A30: ScalaSQL | B30: dataflow | C30: avgt | D30: 1 | E30: 5 | F30: 0.129119 | G30: 0.013451 | H30: s/op | J30: PTC | K30: {=IFERROR(INDEX($Q$3:$Q$18, MATCH(1, ($J30=$L$3:$L$18) * (K$25=$J$3:$J$18), 0)), "")} | L30: {=IFERROR(INDEX($Q$3:$Q$18, MATCH(1, ($J30=$L$3:$L$18) * (L$25=$J$3:$J$18), 0)), "")} | M30: {=IFERROR(INDEX($Q$3:$Q$18, MATCH(1, ($J30=$L$3:$L$18) * (M$25=$J$3:$J$18), 0)), "")} -> DNF | O30: CBA | P30: {=INDEX($G$1:$G$100, MATCH(1, ($A$1:$A$100=P$25)*($B$1:$B$100=$K7), 0))} -> 0.006354 | Q30: {=INDEX($G$1:$G$100, MATCH(1, ($A$1:$A$100=Q$25)*($B$1:$B$100=$K7), 0))} -> 0.004252 | R30: {=INDEX($G$1:$G$100, MATCH(1, ($A$1:$A$100=R$25)*($B$1:$B$100=$K7), 0))} -> #N/A | S30: {=INDEX($G$1:$G$100, MATCH(1, ($A$1:$A$100=S$25)*($B$1:$B$100=$K7), 0))} -> 0.013256 | T30: =IF(ISNA(N7), TRUE, ABS($M7-N7) > MAX($P30, Q30)) -> TRUE | U30: =IF(ISNA(O7), TRUE, ABS($M7-O7) > MAX($P30, R30)) -> TRUE | V30: =IF(ISNA(P7), TRUE, ABS($M7-P7) > MAX($P30, S30)) -> FALSE | X30: =IF(ISNA(N7), TRUE, ABS($P7-N7) > MAX($S30, Q30)) -> TRUE | Y30: =IF(ISNA(O7), TRUE, ABS($P7-O7) > MAX($S30, R30)) -> TRUE | Z30: =IF(ISNA(M7), TRUE, ABS($P7-M7) > MAX($S30, P30)) -> FALSE | BE30: dataflow | BF30: collections | BG30: 5
A31: ScalaSQL | B31: orbits | C31: avgt | D31: 1 | E31: 5 | F31: 0.743851 | G31: 0.185679 | H31: s/op | J31: ASPS | K31: {=IFERROR(INDEX($Q$3:$Q$18, MATCH(1, ($J31=$L$3:$L$18) * (K$25=$J$3:$J$18), 0)), "")} | L31: {=IFERROR(INDEX($Q$3:$Q$18, MATCH(1, ($J31=$L$3:$L$18) * (L$25=$J$3:$J$18), 0)), "")} -> 3.7782342 | M31: {=IFERROR(INDEX($Q$3:$Q$18, MATCH(1, ($J31=$L$3:$L$18) * (M$25=$J$3:$J$18), 0)), "")} | O31: CC | P31: {=INDEX($G$1:$G$100, MATCH(1, ($A$1:$A$100=P$25)*($B$1:$B$100=$K8), 0))} -> 0.105878 | Q31: {=INDEX($G$1:$G$100, MATCH(1, ($A$1:$A$100=Q$25)*($B$1:$B$100=$K8), 0))} -> 0.071666 | R31: {=INDEX($G$1:$G$100, MATCH(1, ($A$1:$A$100=R$25)*($B$1:$B$100=$K8), 0))} -> 15.468301 | S31: {=INDEX($G$1:$G$100, MATCH(1, ($A$1:$A$100=S$25)*($B$1:$B$100=$K8), 0))} -> 0.074812 | T31: =IF(ISNA(N8), TRUE, ABS($M8-N8) > MAX($P31, Q31)) -> TRUE | U31: =IF(ISNA(O8), TRUE, ABS($M8-O8) > MAX($P31, R31)) -> TRUE | V31: =IF(ISNA(P8), TRUE, ABS($M8-P8) > MAX($P31, S31)) -> FALSE | X31: =IF(ISNA(N8), TRUE, ABS($P8-N8) > MAX($S31, Q31)) -> TRUE | Y31: =IF(ISNA(O8), TRUE, ABS($P8-O8) > MAX($S31, R31)) -> TRUE | Z31: =IF(ISNA(M8), TRUE, ABS($P8-M8) > MAX($S31, P31)) -> FALSE | BE31: dataflow | BF31: collections | BG31: 5
A32: ScalaSQL | B32: party | C32: avgt | D32: 1 | E32: 5 | F32: 4.795818 | G32: 0.516788 | H32: s/op | J32: BOM | K32: {=IFERROR(INDEX($Q$3:$Q$18, MATCH(1, ($J32=$L$3:$L$18) * (K$25=$J$3:$J$18), 0)), "")} | L32: {=IFERROR(INDEX($Q$3:$Q$18, MATCH(1, ($J32=$L$3:$L$18) * (L$25=$J$3:$J$18), 0)), "")} -> 13.335252 | M32: {=IFERROR(INDEX($Q$3:$Q$18, MATCH(1, ($J32=$L$3:$L$18) * (M$25=$J$3:$J$18), 0)), "")} | O32: CSPA | P32: {=INDEX($G$1:$G$100, MATCH(1, ($A$1:$A$100=P$25)*($B$1:$B$100=$K9), 0))} -> 1.278203 | Q32: {=INDEX($G$1:$G$100, MATCH(1, ($A$1:$A$100=Q$25)*($B$1:$B$100=$K9), 0))} -> 23.956686 | R32: {=INDEX($G$1:$G$100, MATCH(1, ($A$1:$A$100=R$25)*($B$1:$B$100=$K9), 0))} -> #N/A | S32: {=INDEX($G$1:$G$100, MATCH(1, ($A$1:$A$100=S$25)*($B$1:$B$100=$K9), 0))} -> 2.190802 | T32: =IF(ISNA(N9), TRUE, ABS($M9-N9) > MAX($P32, Q32)) -> TRUE | U32: =IF(ISNA(O9), TRUE, ABS($M9-O9) > MAX($P32, R32)) -> TRUE | V32: =IF(ISNA(P9), TRUE, ABS($M9-P9) > MAX($P32, S32)) -> FALSE | X32: =IF(ISNA(N9), TRUE, ABS($P9-N9) > MAX($S32, Q32)) -> TRUE | Y32: =IF(ISNA(O9), TRUE, ABS($P9-O9) > MAX($S32, R32)) -> TRUE | Z32: =IF(ISNA(M9), TRUE, ABS($P9-M9) > MAX($S32, P32)) -> FALSE | BE32: sssp | BF32: collections | BG32: 42
A33: ScalaSQL | B33: sssp | C33: avgt | D33: 1 | E33: 5 | F33: 1.773092 | G33: 0.246014 | H33: s/op | J33: CC | K33: {=IFERROR(INDEX($Q$3:$Q$18, MATCH(1, ($J33=$L$3:$L$18) * (K$25=$J$3:$J$18), 0)), "")} | L33: {=IFERROR(INDEX($Q$3:$Q$18, MATCH(1, ($J33=$L$3:$L$18) * (L$25=$J$3:$J$18), 0)), "")} -> 1.2220195 | M33: {=IFERROR(INDEX($Q$3:$Q$18, MATCH(1, ($J33=$L$3:$L$18) * (M$25=$J$3:$J$18), 0)), "")} | O33: Data Flow | P33: {=INDEX($G$1:$G$100, MATCH(1, ($A$1:$A$100=P$25)*($B$1:$B$100=$K10), 0))} -> 0.01044 | Q33: {=INDEX($G$1:$G$100, MATCH(1, ($A$1:$A$100=Q$25)*($B$1:$B$100=$K10), 0))} -> 0.013451 | R33: {=INDEX($G$1:$G$100, MATCH(1, ($A$1:$A$100=R$25)*($B$1:$B$100=$K10), 0))} -> 0.125219 | S33: {=INDEX($G$1:$G$100, MATCH(1, ($A$1:$A$100=S$25)*($B$1:$B$100=$K10), 0))} -> 0.008282 | T33: =IF(ISNA(N10), TRUE, ABS($M10-N10) > MAX($P33, Q33)) -> TRUE | U33: =IF(ISNA(O10), TRUE, ABS($M10-O10) > MAX($P33, R33)) -> TRUE | V33: =IF(ISNA(P10), TRUE, ABS($M10-P10) > MAX($P33, S33)) -> FALSE | X33: =IF(ISNA(N10), TRUE, ABS($P10-N10) > MAX($S33, Q33)) -> TRUE | Y33: =IF(ISNA(O10), TRUE, ABS($P10-O10) > MAX($S33, R33)) -> TRUE | Z33: =IF(ISNA(M10), TRUE, ABS($P10-M10) > MAX($S33, P33)) -> FALSE | BE33: sssp | BF33: collections | BG33: 42
A34: ScalaSQL | B34: tc | C34: avgt | D34: 1 | E34: 5 | F34: 0.250339 | G34: 0.03546 | H34: s/op | J34: COT | K34: {=IFERROR(INDEX($Q$3:$Q$18, MATCH(1, ($J34=$L$3:$L$18) * (K$25=$J$3:$J$18), 0)), "")} | L34: {=IFERROR(INDEX($Q$3:$Q$18, MATCH(1, ($J34=$L$3:$L$18) * (L$25=$J$3:$J$18), 0)), "")} -> 7.5370209 | M34: {=IFERROR(INDEX($Q$3:$Q$18, MATCH(1, ($J34=$L$3:$L$18) * (M$25=$J$3:$J$18), 0)), "")} | O34: Even-Odd | P34: {=INDEX($G$1:$G$100, MATCH(1, ($A$1:$A$100=P$25)*($B$1:$B$100=$K11), 0))} -> 21.968309 | Q34: {=INDEX($G$1:$G$100, MATCH(1, ($A$1:$A$100=Q$25)*($B$1:$B$100=$K11), 0))} -> #N/A | R34: {=INDEX($G$1:$G$100, MATCH(1, ($A$1:$A$100=R$25)*($B$1:$B$100=$K11), 0))} -> #N/A | S34: {=INDEX($G$1:$G$100, MATCH(1, ($A$1:$A$100=S$25)*($B$1:$B$100=$K11), 0))} -> 24.824616 | T34: =IF(ISNA(N11), TRUE, ABS($M11-N11) > MAX($P34, Q34)) -> TRUE | U34: =IF(ISNA(O11), TRUE, ABS($M11-O11) > MAX($P34, R34)) -> TRUE | V34: =IF(ISNA(P11), TRUE, ABS($M11-P11) > MAX($P34, S34)) -> FALSE | X34: =IF(ISNA(N11), TRUE, ABS($P11-N11) > MAX($S34, Q34)) -> TRUE | Y34: =IF(ISNA(O11), TRUE, ABS($P11-O11) > MAX($S34, R34)) -> TRUE | Z34: =IF(ISNA(M11), TRUE, ABS($P11-M11) > MAX($S34, P34)) -> FALSE | BE34: sssp | BF34: collections | BG34: 42
A35: ScalaSQL | B35: trustchain | C35: avgt | D35: 1 | E35: 5 | F35: 9.975624 | G35: 1.706884 | H35: s/op | J35: CSPA | K35: {=IFERROR(INDEX($Q$3:$Q$18, MATCH(1, ($J35=$L$3:$L$18) * (K$25=$J$3:$J$18), 0)), "")} | L35: {=IFERROR(INDEX($Q$3:$Q$18, MATCH(1, ($J35=$L$3:$L$18) * (L$25=$J$3:$J$18), 0)), "")} -> 10.056271 | M35: {=IFERROR(INDEX($Q$3:$Q$18, MATCH(1, ($J35=$L$3:$L$18) * (M$25=$J$3:$J$18), 0)), "")} | O35: JPT | P35: {=INDEX($G$1:$G$100, MATCH(1, ($A$1:$A$100=P$25)*($B$1:$B$100=$K12), 0))} -> 0.115528 | Q35: {=INDEX($G$1:$G$100, MATCH(1, ($A$1:$A$100=Q$25)*($B$1:$B$100=$K12), 0))} -> #N/A | R35: {=INDEX($G$1:$G$100, MATCH(1, ($A$1:$A$100=R$25)*($B$1:$B$100=$K12), 0))} -> #N/A | S35: {=INDEX($G$1:$G$100, MATCH(1, ($A$1:$A$100=S$25)*($B$1:$B$100=$K12), 0))} -> 0.049963 | T35: =IF(ISNA(N12), TRUE, ABS($M12-N12) > MAX($P35, Q35)) -> TRUE | U35: =IF(ISNA(O12), TRUE, ABS($M12-O12) > MAX($P35, R35)) -> TRUE | V35: =IF(ISNA(P12), TRUE, ABS($M12-P12) > MAX($P35, S35)) -> FALSE | X35: =IF(ISNA(N12), TRUE, ABS($P12-N12) > MAX($S35, Q35)) -> TRUE | Y35: =IF(ISNA(O12), TRUE, ABS($P12-O12) > MAX($S35, R35)) -> TRUE | Z35: =IF(ISNA(M12), TRUE, ABS($P12-M12) > MAX($S35, P35)) -> FALSE | BE35: sssp | BF35: collections | BG35: 42
A36: TyQL | B36: ancestry | C36: avgt | D36: 1 | E36: 5 | F36: 39.469213 | G36: 0.861141 | H36: s/op | J36: Even-Odd | K36: {=IFERROR(INDEX($Q$3:$Q$18, MATCH(1, ($J36=$L$3:$L$18) * (K$25=$J$3:$J$18), 0)), "")} | L36: {=IFERROR(INDEX($Q$3:$Q$18, MATCH(1, ($J36=$L$3:$L$18) * (L$25=$J$3:$J$18), 0)), "")} -> DNF | M36: {=IFERROR(INDEX($Q$3:$Q$18, MATCH(1, ($J36=$L$3:$L$18) * (M$25=$J$3:$J$18), 0)), "")} | O36: Orbits | P36: {=INDEX($G$1:$G$100, MATCH(1, ($A$1:$A$100=P$25)*($B$1:$B$100=$K13), 0))} -> 0.05677 | Q36: {=INDEX($G$1:$G$100, MATCH(1, ($A$1:$A$100=Q$25)*($B$1:$B$100=$K13), 0))} -> 0.185679 | R36: {=INDEX($G$1:$G$100, MATCH(1, ($A$1:$A$100=R$25)*($B$1:$B$100=$K13), 0))} -> #N/A | S36: {=INDEX($G$1:$G$100, MATCH(1, ($A$1:$A$100=S$25)*($B$1:$B$100=$K13), 0))} -> 0.039408 | T36: =IF(ISNA(N13), TRUE, ABS($M13-N13) > MAX($P36, Q36)) -> TRUE | U36: =IF(ISNA(O13), TRUE, ABS($M13-O13) > MAX($P36, R36)) -> TRUE | V36: =IF(ISNA(P13), TRUE, ABS($M13-P13) > MAX($P36, S36)) -> FALSE | X36: =IF(ISNA(N13), TRUE, ABS($P13-N13) > MAX($S36, Q36)) -> TRUE | Y36: =IF(ISNA(O13), TRUE, ABS($P13-O13) > MAX($S36, R36)) -> TRUE | Z36: =IF(ISNA(M13), TRUE, ABS($P13-M13) > MAX($S36, P36)) -> FALSE | BE36: sssp | BF36: collections | BG36: 42
A37: TyQL | B37: andersens | C37: avgt | D37: 1 | E37: 5 | F37: 0.037757 | G37: 0.006103 | H37: s/op | J37: Orbits | K37: {=IFERROR(INDEX($Q$3:$Q$18, MATCH(1, ($J37=$L$3:$L$18) * (K$25=$J$3:$J$18), 0)), "")} | L37: {=IFERROR(INDEX($Q$3:$Q$18, MATCH(1, ($J37=$L$3:$L$18) * (L$25=$J$3:$J$18), 0)), "")} -> 1.7205272 | M37: {=IFERROR(INDEX($Q$3:$Q$18, MATCH(1, ($J37=$L$3:$L$18) * (M$25=$J$3:$J$18), 0)), "")} | O37: Party | P37: {=INDEX($G$1:$G$100, MATCH(1, ($A$1:$A$100=P$25)*($B$1:$B$100=$K14), 0))} -> 0.073324 | Q37: {=INDEX($G$1:$G$100, MATCH(1, ($A$1:$A$100=Q$25)*($B$1:$B$100=$K14), 0))} -> 0.516788 | R37: {=INDEX($G$1:$G$100, MATCH(1, ($A$1:$A$100=R$25)*($B$1:$B$100=$K14), 0))} -> #N/A | S37: {=INDEX($G$1:$G$100, MATCH(1, ($A$1:$A$100=S$25)*($B$1:$B$100=$K14), 0))} -> 0.144875 | T37: =IF(ISNA(N14), TRUE, ABS($M14-N14) > MAX($P37, Q37)) -> TRUE | U37: =IF(ISNA(O14), TRUE, ABS($M14-O14) > MAX($P37, R37)) -> TRUE | V37: =IF(ISNA(P14), TRUE, ABS($M14-P14) > MAX($P37, S37)) -> FALSE | X37: =IF(ISNA(N14), TRUE, ABS($P14-N14) > MAX($S37, Q37)) -> TRUE | Y37: =IF(ISNA(O14), TRUE, ABS($P14-O14) > MAX($S37, R37)) -> TRUE | Z37: =IF(ISNA(M14), TRUE, ABS($P14-M14) > MAX($S37, P37)) -> FALSE | BE37: sssp | BF37: collections | BG37: 42
... A41: TyQL | B41: cc | C41: avgt | D41: 1 | E41: 5 | F41: 0.831436 | G41: 0.105878 | H41: s/op | J41: TC | K41: {=IFERROR(INDEX($Q$3:$Q$18, MATCH(1, ($J41=$L$3:$L$18) * (K$25=$J$3:$J$18), 0)), "")} -> 3.8979649 | L41: {=IFERROR(INDEX($Q$3:$Q$18, MATCH(1, ($J41=$L$3:$L$18) * (L$25=$J$3:$J$18), 0)), "")} | M41: {=IFERROR(INDEX($Q$3:$Q$18, MATCH(1, ($J41=$L$3:$L$18) * (M$25=$J$3:$J$18), 0)), "")} | O41: COT | P41: {=INDEX($G$1:$G$100, MATCH(1, ($A$1:$A$100=P$25)*($B$1:$B$100=$K18), 0))} -> 0.121468 | Q41: {=INDEX($G$1:$G$100, MATCH(1, ($A$1:$A$100=Q$25)*($B$1:$B$100=$K18), 0))} -> 1.706884 | R41: {=INDEX($G$1:$G$100, MATCH(1, ($A$1:$A$100=R$25)*($B$1:$B$100=$K18), 0))} -> #N/A | S41: {=INDEX($G$1:$G$100, MATCH(1, ($A$1:$A$100=S$25)*($B$1:$B$100=$K18), 0))} -> 0.179258 | T41: =IF(ISNA(N18), TRUE, ABS($M18-N18) > MAX($P41, Q41)) -> TRUE | U41: =IF(ISNA(O18), TRUE, ABS($M18-O18) > MAX($P41, R41)) -> TRUE | V41: =IF(ISNA(P18), TRUE, ABS($M18-P18) > MAX($P41, S41)) -> FALSE | X41: =IF(ISNA(N18), TRUE, ABS($P18-N18) > MAX($S41, Q41)) -> TRUE | Y41: =IF(ISNA(O18), TRUE, ABS($P18-O18) > MAX($S41, R41)) -> TRUE | Z41: =IF(ISNA(M18), TRUE, ABS($P18-M18) > MAX($S41, P41)) -> FALSE | BE41: sssp | BF41: collections | BG41: 42
A42: TyQL | B42: cspa | C42: avgt | D42: 1 | E42: 5 | F42: 31.674879 | G42: 1.278203 | H42: s/op | BE42: tc | BF42: collections | BG42: 17
A43: TyQL | B43: dataflow | C43: avgt | D43: 1 | E43: 5 | F43: 0.013561 | G43: 0.01044 | H43: s/op | J43: COLLECTIONS | BE43: tc | BF43: collections | BG43: 17
A44: TyQL | B44: evenodd | C44: avgt | D44: 1 | E44: 5 | F44: 450.07722 | G44: 21.968309 | H44: s/op | J44: Query | K44: Large | L44: Medium | M44: Small | BE44: tc | BF44: collections | BG44: 17
A45: TyQL | B45: javapointsto | C45: avgt | D45: 1 | E45: 5 | F45: 0.510478 | G45: 0.115528 | H45: s/op | J45: APT | K45: {=IFERROR(INDEX($R$3:$R$18, MATCH(1, ($J45=$L$3:$L$18) * (K$44=$J$3:$J$18), 0)), "")} | L45: {=IFERROR(INDEX($R$3:$R$18, MATCH(1, ($J45=$L$3:$L$18) * (L$44=$J$3:$J$18), 0)), "")} | M45: {=IFERROR(INDEX($R$3:$R$18, MATCH(1, ($J45=$L$3:$L$18) * (M$44=$J$3:$J$18), 0)), "")} -> 1553.7489 | BE45: tc | BF45: collections | BG45: 17
A46: TyQL | B46: orbits | C46: avgt | D46: 1 | E46: 5 | F46: 0.432339 | G46: 0.05677 | H46: s/op | J46: CBA | K46: {=IFERROR(INDEX($R$3:$R$18, MATCH(1, ($J46=$L$3:$L$18) * (K$44=$J$3:$J$18), 0)), "")} | L46: {=IFERROR(INDEX($R$3:$R$18, MATCH(1, ($J46=$L$3:$L$18) * (L$44=$J$3:$J$18), 0)), "")} | M46: {=IFERROR(INDEX($R$3:$R$18, MATCH(1, ($J46=$L$3:$L$18) * (M$44=$J$3:$J$18), 0)), "")} -> DNF | BE46: tc | BF46: collections | BG46: 17
A47: TyQL | B47: party | C47: avgt | D47: 1 | E47: 5 | F47: 0.857735 | G47: 0.073324 | H47: s/op | J47: Data Flow | K47: {=IFERROR(INDEX($R$3:$R$18, MATCH(1, ($J47=$L$3:$L$18) * (K$44=$J$3:$J$18), 0)), "")} | L47: {=IFERROR(INDEX($R$3:$R$18, MATCH(1, ($J47=$L$3:$L$18) * (L$44=$J$3:$J$18), 0)), "")} | M47: {=IFERROR(INDEX($R$3:$R$18, MATCH(1, ($J47=$L$3:$L$18) * (M$44=$J$3:$J$18), 0)), "")} -> 18981.246 | BE47: tc | BF47: collections | BG47: 17
A48: TyQL | B48: pointstocount | C48: avgt | D48: 1 | E48: 5 | F48: 2.515753 | G48: 0.225287 | H48: s/op | J48: JPT | K48: {=IFERROR(INDEX($R$3:$R$18, MATCH(1, ($J48=$L$3:$L$18) * (K$44=$J$3:$J$18), 0)), "")} | L48: {=IFERROR(INDEX($R$3:$R$18, MATCH(1, ($J48=$L$3:$L$18) * (L$44=$J$3:$J$18), 0)), "")} | M48: {=IFERROR(INDEX($R$3:$R$18, MATCH(1, ($J48=$L$3:$L$18) * (M$44=$J$3:$J$18), 0)), "")} -> DNF | BE48: tc | BF48: collections | BG48: 17
A49: TyQL | B49: sssp | C49: avgt | D49: 1 | E49: 5 | F49: 0.162852 | G49: 0.027822 | H49: s/op | J49: PTC | K49: {=IFERROR(INDEX($R$3:$R$18, MATCH(1, ($J49=$L$3:$L$18) * (K$44=$J$3:$J$18), 0)), "")} | L49: {=IFERROR(INDEX($R$3:$R$18, MATCH(1, ($J49=$L$3:$L$18) * (L$44=$J$3:$J$18), 0)), "")} | M49: {=IFERROR(INDEX($R$3:$R$18, MATCH(1, ($J49=$L$3:$L$18) * (M$44=$J$3:$J$18), 0)), "")} -> DNF | BE49: tc | BF49: collections | BG49: 17
A50: TyQL | B50: tc | C50: avgt | D50: 1 | E50: 5 | F50: 0.064223 | G50: 0.007972 | H50: s/op | J50: ASPS | K50: {=IFERROR(INDEX($R$3:$R$18, MATCH(1, ($J50=$L$3:$L$18) * (K$44=$J$3:$J$18), 0)), "")} | L50: {=IFERROR(INDEX($R$3:$R$18, MATCH(1, ($J50=$L$3:$L$18) * (L$44=$J$3:$J$18), 0)), "")} -> DNF | M50: {=IFERROR(INDEX($R$3:$R$18, MATCH(1, ($J50=$L$3:$L$18) * (M$44=$J$3:$J$18), 0)), "")} | BE50: tc | BF50: collections | BG50: 17
A51: TyQL | B51: trustchain | C51: avgt | D51: 1 | E51: 5 | F51: 1.32355 | G51: 0.121468 | H51: s/op | J51: BOM | K51: {=IFERROR(INDEX($R$3:$R$18, MATCH(1, ($J51=$L$3:$L$18) * (K$44=$J$3:$J$18), 0)), "")} | L51: {=IFERROR(INDEX($R$3:$R$18, MATCH(1, ($J51=$L$3:$L$18) * (L$44=$J$3:$J$18), 0)), "")} -> DNF | M51: {=IFERROR(INDEX($R$3:$R$18, MATCH(1, ($J51=$L$3:$L$18) * (M$44=$J$3:$J$18), 0)), "")} | BE51: tc | BF51: collections | BG51: 17
J52: CC | K52: {=IFERROR(INDEX($R$3:$R$18, MATCH(1, ($J52=$L$3:$L$18) * (K$44=$J$3:$J$18), 0)), "")} | L52: {=IFERROR(INDEX($R$3:$R$18, MATCH(1, ($J52=$L$3:$L$18) * (L$44=$J$3:$J$18), 0)), "")} -> 48.790559 | M52: {=IFERROR(INDEX($R$3:$R$18, MATCH(1, ($J52=$L$3:$L$18) * (M$44=$J$3:$J$18), 0)), "")} | BE52: ancestry | BF52: scalasql | BG52: 189
J53: COT | K53: {=IFERROR(INDEX($R$3:$R$18, MATCH(1, ($J53=$L$3:$L$18) * (K$44=$J$3:$J$18), 0)), "")} | L53: {=IFERROR(INDEX($R$3:$R$18, MATCH(1, ($J53=$L$3:$L$18) * (L$44=$J$3:$J$18), 0)), "")} -> DNF | M53: {=IFERROR(INDEX($R$3:$R$18, MATCH(1, ($J53=$L$3:$L$18) * (M$44=$J$3:$J$18), 0)), "")} | BE53: ancestry | BF53: scalasql | BG53: 189
J54: CSPA | K54: {=IFERROR(INDEX($R$3:$R$18, MATCH(1, ($J54=$L$3:$L$18) * (K$44=$J$3:$J$18), 0)), "")} | L54: {=IFERROR(INDEX($R$3:$R$18, MATCH(1, ($J54=$L$3:$L$18) * (L$44=$J$3:$J$18), 0)), "")} -> DNF | M54: {=IFERROR(INDEX($R$3:$R$18, MATCH(1, ($J54=$L$3:$L$18) * (M$44=$J$3:$J$18), 0)), "")} | BE54: ancestry | BF54: scalasql | BG54: 189
J55: Even-Odd | K55: {=IFERROR(INDEX($R$3:$R$18, MATCH(1, ($J55=$L$3:$L$18) * (K$44=$J$3:$J$18), 0)), "")} | L55: {=IFERROR(INDEX($R$3:$R$18, MATCH(1, ($J55=$L$3:$L$18) * (L$44=$J$3:$J$18), 0)), "")} -> DNF | M55: {=IFERROR(INDEX($R$3:$R$18, MATCH(1, ($J55=$L$3:$L$18) * (M$44=$J$3:$J$18), 0)), "")} | BE55: ancestry | BF55: scalasql | BG55: 189
J56: Orbits | K56: {=IFERROR(INDEX($R$3:$R$18, MATCH(1, ($J56=$L$3:$L$18) * (K$44=$J$3:$J$18), 0)), "")} | L56: {=IFERROR(INDEX($R$3:$R$18, MATCH(1, ($J56=$L$3:$L$18) * (L$44=$J$3:$J$18), 0)), "")} -> DNF | M56: {=IFERROR(INDEX($R$3:$R$18, MATCH(1, ($J56=$L$3:$L$18) * (M$44=$J$3:$J$18), 0)), "")} | BE56: andersens | BF56: scalasql | BG56: 9
J57: Party | K57: {=IFERROR(INDEX($R$3:$R$18, MATCH(1, ($J57=$L$3:$L$18) * (K$44=$J$3:$J$18), 0)), "")} | L57: {=IFERROR(INDEX($R$3:$R$18, MATCH(1, ($J57=$L$3:$L$18) * (L$44=$J$3:$J$18), 0)), "")} -> DNF | M57: {=IFERROR(INDEX($R$3:$R$18, MATCH(1, ($J57=$L$3:$L$18) * (M$44=$J$3:$J$18), 0)), "")} | BE57: andersens | BF57: scalasql | BG57: 9
J58: Ancestry | K58: {=IFERROR(INDEX($R$3:$R$18, MATCH(1, ($J58=$L$3:$L$18) * (K$44=$J$3:$J$18), 0)), "")} -> DNF | L58: {=IFERROR(INDEX($R$3:$R$18, MATCH(1, ($J58=$L$3:$L$18) * (L$44=$J$3:$J$18), 0)), "")} | M58: {=IFERROR(INDEX($R$3:$R$18, MATCH(1, ($J58=$L$3:$L$18) * (M$44=$J$3:$J$18), 0)), "")} | BE58: andersens | BF58: scalasql | BG58: 9
J59: SSSP | K59: {=IFERROR(INDEX($R$3:$R$18, MATCH(1, ($J59=$L$3:$L$18) * (K$44=$J$3:$J$18), 0)), "")} -> 1435.3623 | L59: {=IFERROR(INDEX($R$3:$R$18, MATCH(1, ($J59=$L$3:$L$18) * (L$44=$J$3:$J$18), 0)), "")} | M59: {=IFERROR(INDEX($R$3:$R$18, MATCH(1, ($J59=$L$3:$L$18) * (M$44=$J$3:$J$18), 0)), "")} | BE59: andersens | BF59: scalasql | BG59: 9
J60: TC | K60: {=IFERROR(INDEX($R$3:$R$18, MATCH(1, ($J60=$L$3:$L$18) * (K$44=$J$3:$J$18), 0)), "")} -> 103.29486 | L60: {=IFERROR(INDEX($R$3:$R$18, MATCH(1, ($J60=$L$3:$L$18) * (L$44=$J$3:$J$18), 0)), "")} | M60: {=IFERROR(INDEX($R$3:$R$18, MATCH(1, ($J60=$L$3:$L$18) * (M$44=$J$3:$J$18), 0)), "")} | BE60: andersens | BF60: scalasql | BG60: 9
BE61: andersens | BF61: scalasql | BG61: 9
J62: JDBC_RSQL | BE62: andersens | BF62: scalasql | BG62: 9
J63: Query | K63: Large | L63: Medium | M63: Small | BE63: andersens | BF63: scalasql | BG63: 9
J64: APT | K64: {=IFERROR(INDEX($S$3:$S$18, MATCH(1, ($J45=$L$3:$L$18) * (K$44=$J$3:$J$18), 0)), "")} | L64: {=IFERROR(INDEX($S$3:$S$18, MATCH(1, ($J45=$L$3:$L$18) * (L$44=$J$3:$J$18), 0)), "")} | M64: {=IFERROR(INDEX($S$3:$S$18, MATCH(1, ($J45=$L$3:$L$18) * (M$44=$J$3:$J$18), 0)), "")} -> 0.93789231 | BE64: andersens | BF64: scalasql | BG64: 9
J65: CBA | K65: {=IFERROR(INDEX($S$3:$S$18, MATCH(1, ($J46=$L$3:$L$18) * (K$44=$J$3:$J$18), 0)), "")} | L65: {=IFERROR(INDEX($S$3:$S$18, MATCH(1, ($J46=$L$3:$L$18) * (L$44=$J$3:$J$18), 0)), "")} | M65: {=IFERROR(INDEX($S$3:$S$18, MATCH(1, ($J46=$L$3:$L$18) * (M$44=$J$3:$J$18), 0)), "")} -> 0.82781513 | BE65: andersens | BF65: scalasql | BG65: 9
J66: Data Flow | K66: {=IFERROR(INDEX($S$3:$S$18, MATCH(1, ($J47=$L$3:$L$18) * (K$44=$J$3:$J$18), 0)), "")} | L66: {=IFERROR(INDEX($S$3:$S$18, MATCH(1, ($J47=$L$3:$L$18) * (L$44=$J$3:$J$18), 0)), "")} | M66: {=IFERROR(INDEX($S$3:$S$18, MATCH(1, ($J47=$L$3:$L$18) * (M$44=$J$3:$J$18), 0)), "")} -> 0.92861883 | BE66: asps | BF66: scalasql | BG66: 4
J67: JPT | K67: {=IFERROR(INDEX($S$3:$S$18, MATCH(1, ($J48=$L$3:$L$18) * (K$44=$J$3:$J$18), 0)), "")} | L67: {=IFERROR(INDEX($S$3:$S$18, MATCH(1, ($J48=$L$3:$L$18) * (L$44=$J$3:$J$18), 0)), "")} | M67: {=IFERROR(INDEX($S$3:$S$18, MATCH(1, ($J48=$L$3:$L$18) * (M$44=$J$3:$J$18), 0)), "")} -> 0.96554406 | BE67: asps | BF67: scalasql | BG67: 4
J68: PTC | K68: {=IFERROR(INDEX($S$3:$S$18, MATCH(1, ($J49=$L$3:$L$18) * (K$44=$J$3:$J$18), 0)), "")} | L68: {=IFERROR(INDEX($S$3:$S$18, MATCH(1, ($J49=$L$3:$L$18) * (L$44=$J$3:$J$18), 0)), "")} | M68: {=IFERROR(INDEX($S$3:$S$18, MATCH(1, ($J49=$L$3:$L$18) * (M$44=$J$3:$J$18), 0)), "")} -> 0.97412147 | BE68: asps | BF68: scalasql | BG68: 4
J69: ASPS | K69: {=IFERROR(INDEX($S$3:$S$18, MATCH(1, ($J50=$L$3:$L$18) * (K$44=$J$3:$J$18), 0)), "")} | L69: {=IFERROR(INDEX($S$3:$S$18, MATCH(1, ($J50=$L$3:$L$18) * (L$44=$J$3:$J$18), 0)), "")} -> 0.97116209 | M69: {=IFERROR(INDEX($S$3:$S$18, MATCH(1, ($J50=$L$3:$L$18) * (M$44=$J$3:$J$18), 0)), "")} | BE69: asps | BF69: scalasql | BG69: 4
J70: BOM | K70: {=IFERROR(INDEX($S$3:$S$18, MATCH(1, ($J51=$L$3:$L$18) * (K$44=$J$3:$J$18), 0)), "")} | L70: {=IFERROR(INDEX($S$3:$S$18, MATCH(1, ($J51=$L$3:$L$18) * (L$44=$J$3:$J$18), 0)), "")} -> 1.0063647 | M70: {=IFERROR(INDEX($S$3:$S$18, MATCH(1, ($J51=$L$3:$L$18) * (M$44=$J$3:$J$18), 0)), "")} | BE70: asps | BF70: scalasql | BG70: 4
J71: CC | K71: {=IFERROR(INDEX($S$3:$S$18, MATCH(1, ($J52=$L$3:$L$18) * (K$44=$J$3:$J$18), 0)), "")} | L71: {=IFERROR(INDEX($S$3:$S$18, MATCH(1, ($J52=$L$3:$L$18) * (L$44=$J$3:$J$18), 0)), "")} -> 0.94717212 | M71: {=IFERROR(INDEX($S$3:$S$18, MATCH(1, ($J52=$L$3:$L$18) * (M$44=$J$3:$J$18), 0)), "")} | BE71: asps | BF71: scalasql | BG71: 4
J72: COT | K72: {=IFERROR(INDEX($S$3:$S$18, MATCH(1, ($J53=$L$3:$L$18) * (K$44=$J$3:$J$18), 0)), "")} | L72: {=IFERROR(INDEX($S$3:$S$18, MATCH(1, ($J53=$L$3:$L$18) * (L$44=$J$3:$J$18), 0)), "")} -> 1.0244026 | M72: {=IFERROR(INDEX($S$3:$S$18, MATCH(1, ($J53=$L$3:$L$18) * (M$44=$J$3:$J$18), 0)), "")} | BE72: asps | BF72: scalasql | BG72: 4
J73: CSPA | K73: {=IFERROR(INDEX($S$3:$S$18, MATCH(1, ($J54=$L$3:$L$18) * (K$44=$J$3:$J$18), 0)), "")} | L73: {=IFERROR(INDEX($S$3:$S$18, MATCH(1, ($J54=$L$3:$L$18) * (L$44=$J$3:$J$18), 0)), "")} -> 0.99671828 | M73: {=IFERROR(INDEX($S$3:$S$18, MATCH(1, ($J54=$L$3:$L$18) * (M$44=$J$3:$J$18), 0)), "")} | BE73: asps | BF73: scalasql | BG73: 4
J74: Even-Odd | K74: {=IFERROR(INDEX($S$3:$S$18, MATCH(1, ($J55=$L$3:$L$18) * (K$44=$J$3:$J$18), 0)), "")} | L74: {=IFERROR(INDEX($S$3:$S$18, MATCH(1, ($J55=$L$3:$L$18) * (L$44=$J$3:$J$18), 0)), "")} -> 1.0093558 | M74: {=IFERROR(INDEX($S$3:$S$18, MATCH(1, ($J55=$L$3:$L$18) * (M$44=$J$3:$J$18), 0)), "")} | BE74: asps | BF74: scalasql | BG74: 4
J75: Orbits | K75: {=IFERROR(INDEX($S$3:$S$18, MATCH(1, ($J56=$L$3:$L$18) * (K$44=$J$3:$J$18), 0)), "")} | L75: {=IFERROR(INDEX($S$3:$S$18, MATCH(1, ($J56=$L$3:$L$18) * (L$44=$J$3:$J$18), 0)), "")} -> 0.88591591 | M75: {=IFERROR(INDEX($S$3:$S$18, MATCH(1, ($J56=$L$3:$L$18) * (M$44=$J$3:$J$18), 0)), "")} | BE75: asps | BF75: scalasql | BG75: 4
... J79: TC | K79: {=IFERROR(INDEX($S$3:$S$18, MATCH(1, ($J60=$L$3:$L$18) * (K$44=$J$3:$J$18), 0)), "")} -> 0.96916992 | L79: {=IFERROR(INDEX($S$3:$S$18, MATCH(1, ($J60=$L$3:$L$18) * (L$44=$J$3:$J$18), 0)), "")} | M79: {=IFERROR(INDEX($S$3:$S$18, MATCH(1, ($J60=$L$3:$L$18) * (M$44=$J$3:$J$18), 0)), "")} | BE79: bom | BF79: scalasql | BG79: 22
BE80: bom | BF80: scalasql | BG80: 22
BE81: bom | BF81: scalasql | BG81: 22
BE82: bom | BF82: scalasql | BG82: 22
BE83: bom | BF83: scalasql | BG83: 22
BE84: bom | BF84: scalasql | BG84: 22
BE85: bom | BF85: scalasql | BG85: 22
BE86: cba | BF86: scalasql | BG86: 1
BE87: cba | BF87: scalasql | BG87: 1
BE88: cba | BF88: scalasql | BG88: 1
BE89: cba | BF89: scalasql | BG89: 1
BE90: cba | BF90: scalasql | BG90: 1
BE91: cba | BF91: scalasql | BG91: 1
... BE175: trustchain | BF175: scalasql | BG175: 10

Sheet perf-table-vs-tyql
A1: TIMEOUT: | B1: 600 | C1: TO | D1: - | Q1: Formal Name | R1: TyQL | S1: ScalaSQL | T1: Collections | U1: JDBC_RSQL | V1: Speedup over Non-Recursive SQL | W1: Speedup over Collections | X1: Speedup over JDBC_RSQL | Y1: Iterations | AA1: Speedup over Non-Recursive SQL | AB1: Speedup over Collections | AC1: Speedup over JDBC_RSQL
B3: Query | C3: Dataset | D3: Iterations | E3: Collections | F3: ScalaSQL | G3: TyQL | H3: JDBC_RSQL | I3: Speedup over Non-Recursive SQL | J3: Speedup over Collections | K3: Speedup over JDBC_RSQL | L3: Non-Recursive SQL Valid | M3: Collections Valid | N3: JDBC_RSQL Valid | P3: Small
A4: S | B4: Ancestry | C4: 0.01MB | D4: {=IF(ISBLANK(INDEX($P$2:$Y$60, MATCH(1, ($P$2:$P$60=$A4) * ($Q$2:$Q$60=$B4), 0), MATCH(D$3, $P$1:$Y$1, 0))), "", INDEX($P$2:$Y$60, MATCH(1, ($P$2:$P$60=$A4) * ($Q$2:$Q$60=$B4), 0), MATCH(D$3, $P$1:$Y$1, 0)))} -> 3 | E4: {=INDEX($P$2:$X$60, MATCH(1, ($P$2:$P$60=$A4) * ($Q$2:$Q$60=$B4), 0), MATCH(E$3, $P$1:$X$1, 0))} -> 0.001878 | F4: {=INDEX($P$2:$X$60, MATCH(1, ($P$2:$P$60=$A4) * ($Q$2:$Q$60=$B4), 0), MATCH(F$3, $P$1:$X$1, 0))} -> 0.046814 | G4: {=INDEX($P$2:$X$60, MATCH(1, ($P$2:$P$60=$A4) * ($Q$2:$Q$60=$B4), 0), MATCH(G$3, $P$1:$X$1, 0))} -> 0.007654 | H4: {=INDEX($P$2:$X$60, MATCH(1, ($P$2:$P$60=$A4) * ($Q$2:$Q$60=$B4), 0), MATCH(H$3, $P$1:$X$1, 0))} -> 0.005349 | I4: {=INDEX($P$2:$X$60, MATCH(1, ($P$2:$P$60=$A4) * ($Q$2:$Q$60=$B4), 0), MATCH(I$3, $P$1:$X$1, 0))} -> 6.1162791 | J4: {=INDEX($P$2:$X$60, MATCH(1, ($P$2:$P$60=$A4) * ($Q$2:$Q$60=$B4), 0), MATCH(J$3, $P$1:$X$1, 0))} -> 0.2453619 | K4: {=INDEX($P$2:$X$60, MATCH(1, ($P$2:$P$60=$A4) * ($Q$2:$Q$60=$B4), 0), MATCH(K$3, $P$1:$X$1, 0))} -> 0.69885027 | L4: {=INDEX($AA$2:$AC$60, MATCH(1, ($P$2:$P$60=$A4) * ($Q$2:$Q$60=$B4), 0), MATCH(I$3, $AA$1:$AC$1, 0))} -> TRUE | M4: {=INDEX($AA$2:$AC$60, MATCH(1, ($P$2:$P$60=$A4) * ($Q$2:$Q$60=$B4), 0), MATCH(J$3, $AA$1:$AC$1, 0))} -> FALSE | N4: {=INDEX($AA$2:$AC$60, MATCH(1, ($P$2:$P$60=$A4) * ($Q$2:$Q$60=$B4), 0), MATCH(K$3, $AA$1:$AC$1, 0))} -> FALSE | P4: S | Q4: Ancestry | R4: =small!M3 -> 0.007654 | S4: =small!N3 -> 0.046814 | T4: =small!O3 -> 0.001878 | U4: =small!P3 -> 0.005349 | V4: =small!Q3 -> 6.1162791 | W4: =small!R3 -> 0.2453619 | X4: =small!S3 -> 0.69885027 | Y4: 3 | AA4: =small!T26 -> TRUE | AB4: =small!U26 -> FALSE | AC4: =small!V26 -> FALSE | AJ4: Row Labels | AK4: scalasql
A5: M | B5: Ancestry | C5: 10MB | D5: {=IF(ISBLANK(INDEX($P$2:$Y$60, MATCH(1, ($P$2:$P$60=$A5) * ($Q$2:$Q$60=$B5), 0), MATCH(D$3, $P$1:$Y$1, 0))), "-", INDEX($P$2:$Y$60, MATCH(1, ($P$2:$P$60=$A5) * ($Q$2:$Q$60=$B5), 0), MATCH(D$3, $P$1:$Y$1, 0)))} -> 15 | E5: {=INDEX($P$2:$X$60, MATCH(1, ($P$2:$P$60=$A5) * ($Q$2:$Q$60=$B5), 0), MATCH(E$3, $P$1:$X$1, 0))} -> 3.711833 | F5: {=INDEX($P$2:$X$60, MATCH(1, ($P$2:$P$60=$A5) * ($Q$2:$Q$60=$B5), 0), MATCH(F$3, $P$1:$X$1, 0))} -> 0.422596 | G5: {=INDEX($P$2:$X$60, MATCH(1, ($P$2:$P$60=$A5) * ($Q$2:$Q$60=$B5), 0), MATCH(G$3, $P$1:$X$1, 0))} -> 0.209304 | H5: {=INDEX($P$2:$X$60, MATCH(1, ($P$2:$P$60=$A5) * ($Q$2:$Q$60=$B5), 0), MATCH(H$3, $P$1:$X$1, 0))} -> 0.213615 | I5: {=INDEX($P$2:$X$60, MATCH(1, ($P$2:$P$60=$A5) * ($Q$2:$Q$60=$B5), 0), MATCH(I$3, $P$1:$X$1, 0))} -> 2.0190536 | J5: {=INDEX($P$2:$X$60, MATCH(1, ($P$2:$P$60=$A5) * ($Q$2:$Q$60=$B5), 0), MATCH(J$3, $P$1:$X$1, 0))} -> 17.734171 | K5: {=INDEX($P$2:$X$60, MATCH(1, ($P$2:$P$60=$A5) * ($Q$2:$Q$60=$B5), 0), MATCH(K$3, $P$1:$X$1, 0))} -> 1.0205968 | L5: {=INDEX($AA$2:$AC$60, MATCH(1, ($P$2:$P$60=$A5) * ($Q$2:$Q$60=$B5), 0), MATCH(I$3, $AA$1:$AC$1, 0))} -> TRUE | M5: {=INDEX($AA$2:$AC$60, MATCH(1, ($P$2:$P$60=$A5) * ($Q$2:$Q$60=$B5), 0), MATCH(J$3, $AA$1:$AC$1, 0))} -> TRUE | N5: {=INDEX($AA$2:$AC$60, MATCH(1, ($P$2:$P$60=$A5) * ($Q$2:$Q$60=$B5), 0), MATCH(K$3, $AA$1:$AC$1, 0))} -> FALSE | P5: S | Q5: APT | R5: =small!M4 -> 0.013155 | S5: =small!N4 -> 0.054882 | T5: =small!O4 -> 0.001489 | U5: =small!P4 -> 0.011921 | V5: =small!Q4 -> 4.1719498 | W5: =small!R4 -> 0.1131889 | X5: =small!S4 -> 0.90619536 | Y5: 3 | AA5: =small!T27 -> TRUE | AB5: =small!U27 -> TRUE | AC5: =small!V27 -> FALSE | AJ5: ancestry | AK5: 3 | AL5: 3
A6: L | B6: Ancestry | C6: 100MB | D6: {=IF(ISBLANK(INDEX($P$2:$Y$60, MATCH(1, ($P$2:$P$60=$A6) * ($Q$2:$Q$60=$B6), 0), MATCH(D$3, $P$1:$Y$1, 0))), "-", INDEX($P$2:$Y$60, MATCH(1, ($P$2:$P$60=$A6) * ($Q$2:$Q$60=$B6), 0), MATCH(D$3, $P$1:$Y$1, 0)))} -> 189 | E6: {=INDEX($P$2:$X$60, MATCH(1, ($P$2:$P$60=$A6) * ($Q$2:$Q$60=$B6), 0), MATCH(E$3, $P$1:$X$1, 0))} -> #N/A | F6: {=INDEX($P$2:$X$60, MATCH(1, ($P$2:$P$60=$A6) * ($Q$2:$Q$60=$B6), 0), MATCH(F$3, $P$1:$X$1, 0))} -> #N/A | G6: {=INDEX($P$2:$X$60, MATCH(1, ($P$2:$P$60=$A6) * ($Q$2:$Q$60=$B6), 0), MATCH(G$3, $P$1:$X$1, 0))} -> 39.469213 | H6: {=INDEX($P$2:$X$60, MATCH(1, ($P$2:$P$60=$A6) * ($Q$2:$Q$60=$B6), 0), MATCH(H$3, $P$1:$X$1, 0))} -> 39.521869 | I6: {=INDEX($P$2:$X$60, MATCH(1, ($P$2:$P$60=$A6) * ($Q$2:$Q$60=$B6), 0), MATCH(I$3, $P$1:$X$1, 0))} -> DNF | J6: {=INDEX($P$2:$X$60, MATCH(1, ($P$2:$P$60=$A6) * ($Q$2:$Q$60=$B6), 0), MATCH(J$3, $P$1:$X$1, 0))} -> DNF | K6: {=INDEX($P$2:$X$60, MATCH(1, ($P$2:$P$60=$A6) * ($Q$2:$Q$60=$B6), 0), MATCH(K$3, $P$1:$X$1, 0))} -> 1.0013341 | L6: {=INDEX($AA$2:$AC$60, MATCH(1, ($P$2:$P$60=$A6) * ($Q$2:$Q$60=$B6), 0), MATCH(I$3, $AA$1:$AC$1, 0))} -> TRUE | M6: {=INDEX($AA$2:$AC$60, MATCH(1, ($P$2:$P$60=$A6) * ($Q$2:$Q$60=$B6), 0), MATCH(J$3, $AA$1:$AC$1, 0))} -> TRUE | N6: {=INDEX($AA$2:$AC$60, MATCH(1, ($P$2:$P$60=$A6) * ($Q$2:$Q$60=$B6), 0), MATCH(K$3, $AA$1:$AC$1, 0))} -> FALSE | P6: S | Q6: ASPS | R6: =small!M5 -> 0.012475 | S6: =small!N5 -> 0.043912 | T6: =small!O5 -> 0.003106 | U6: =small!P5 -> 0.011039 | V6: =small!Q5 -> 3.52 | W6: =small!R5 -> 0.24897796 | X6: =small!S5 -> 0.88488978 | Y6: 3 | AA6: =small!T28 -> TRUE | AB6: =small!U28 -> FALSE | AC6: =small!V28 -> FALSE | AJ6: andersens | AK6: 3 | AL6: 3
A7: S | B7: APT | C7: 0.01MB | D7: {=IF(ISBLANK(INDEX($P$2:$Y$60, MATCH(1, ($P$2:$P$60=$A7) * ($Q$2:$Q$60=$B7), 0), MATCH(D$3, $P$1:$Y$1, 0))), "", INDEX($P$2:$Y$60, MATCH(1, ($P$2:$P$60=$A7) * ($Q$2:$Q$60=$B7), 0), MATCH(D$3, $P$1:$Y$1, 0)))} -> 3 | E7: {=INDEX($P$2:$X$60, MATCH(1, ($P$2:$P$60=$A7) * ($Q$2:$Q$60=$B7), 0), MATCH(E$3, $P$1:$X$1, 0))} -> 0.001489 | F7: {=INDEX($P$2:$X$60, MATCH(1, ($P$2:$P$60=$A7) * ($Q$2:$Q$60=$B7), 0), MATCH(F$3, $P$1:$X$1, 0))} -> 0.054882 | G7: {=INDEX($P$2:$X$60, MATCH(1, ($P$2:$P$60=$A7) * ($Q$2:$Q$60=$B7), 0), MATCH(G$3, $P$1:$X$1, 0))} -> 0.013155 | H7: {=INDEX($P$2:$X$60, MATCH(1, ($P$2:$P$60=$A7) * ($Q$2:$Q$60=$B7), 0), MATCH(H$3, $P$1:$X$1, 0))} -> 0.011921 | I7: {=INDEX($P$2:$X$60, MATCH(1, ($P$2:$P$60=$A7) * ($Q$2:$Q$60=$B7), 0), MATCH(I$3, $P$1:$X$1, 0))} -> 4.1719498 | J7: {=INDEX($P$2:$X$60, MATCH(1, ($P$2:$P$60=$A7) * ($Q$2:$Q$60=$B7), 0), MATCH(J$3, $P$1:$X$1, 0))} -> 0.1131889 | K7: {=INDEX($P$2:$X$60, MATCH(1, ($P$2:$P$60=$A7) * ($Q$2:$Q$60=$B7), 0), MATCH(K$3, $P$1:$X$1, 0))} -> 0.90619536 | L7: {=INDEX($AA$2:$AC$60, MATCH(1, ($P$2:$P$60=$A7) * ($Q$2:$Q$60=$B7), 0), MATCH(I$3, $AA$1:$AC$1, 0))} -> TRUE | M7: {=INDEX($AA$2:$AC$60, MATCH(1, ($P$2:$P$60=$A7) * ($Q$2:$Q$60=$B7), 0), MATCH(J$3, $AA$1:$AC$1, 0))} -> TRUE | N7: {=INDEX($AA$2:$AC$60, MATCH(1, ($P$2:$P$60=$A7) * ($Q$2:$Q$60=$B7), 0), MATCH(K$3, $AA$1:$AC$1, 0))} -> FALSE | P7: S | Q7: BOM | R7: =small!M6 -> 0.008915 | S7: =small!N6 -> 0.035821 | T7: =small!O6 -> 0.002131 | U7: =small!P6 -> 0.00856 | V7: =small!Q6 -> 4.0180595 | W7: =small!R6 -> 0.23903533 | X7: =small!S6 -> 0.96017947 | Y7: 2 | AA7: =small!T29 -> TRUE | AB7: =small!U29 -> FALSE | AC7: =small!V29 -> FALSE | AJ7: asps | AK7: 3 | AL7: 3
A8: M | B8: APT | C8: 0.02MB | D8: {=IF(ISBLANK(INDEX($P$2:$Y$60, MATCH(1, ($P$2:$P$60=$A8) * ($Q$2:$Q$60=$B8), 0), MATCH(D$3, $P$1:$Y$1, 0))), "-", INDEX($P$2:$Y$60, MATCH(1, ($P$2:$P$60=$A8) * ($Q$2:$Q$60=$B8), 0), MATCH(D$3, $P$1:$Y$1, 0)))} -> 4 | E8: {=INDEX($P$2:$X$60, MATCH(1, ($P$2:$P$60=$A8) * ($Q$2:$Q$60=$B8), 0), MATCH(E$3, $P$1:$X$1, 0))} -> 4.858561 | F8: {=INDEX($P$2:$X$60, MATCH(1, ($P$2:$P$60=$A8) * ($Q$2:$Q$60=$B8), 0), MATCH(F$3, $P$1:$X$1, 0))} -> 0.086502 | G8: {=INDEX($P$2:$X$60, MATCH(1, ($P$2:$P$60=$A8) * ($Q$2:$Q$60=$B8), 0), MATCH(G$3, $P$1:$X$1, 0))} -> 0.020128 | H8: {=INDEX($P$2:$X$60, MATCH(1, ($P$2:$P$60=$A8) * ($Q$2:$Q$60=$B8), 0), MATCH(H$3, $P$1:$X$1, 0))} -> 0.016421 | I8: {=INDEX($P$2:$X$60, MATCH(1, ($P$2:$P$60=$A8) * ($Q$2:$Q$60=$B8), 0), MATCH(I$3, $P$1:$X$1, 0))} -> 4.2975954 | J8: {=INDEX($P$2:$X$60, MATCH(1, ($P$2:$P$60=$A8) * ($Q$2:$Q$60=$B8), 0), MATCH(J$3, $P$1:$X$1, 0))} -> 241.3832 | K8: {=INDEX($P$2:$X$60, MATCH(1, ($P$2:$P$60=$A8) * ($Q$2:$Q$60=$B8), 0), MATCH(K$3, $P$1:$X$1, 0))} -> 0.8158287 | L8: {=INDEX($AA$2:$AC$60, MATCH(1, ($P$2:$P$60=$A8) * ($Q$2:$Q$60=$B8), 0), MATCH(I$3, $AA$1:$AC$1, 0))} -> TRUE | M8: {=INDEX($AA$2:$AC$60, MATCH(1, ($P$2:$P$60=$A8) * ($Q$2:$Q$60=$B8), 0), MATCH(J$3, $AA$1:$AC$1, 0))} -> TRUE | N8: {=INDEX($AA$2:$AC$60, MATCH(1, ($P$2:$P$60=$A8) * ($Q$2:$Q$60=$B8), 0), MATCH(K$3, $AA$1:$AC$1, 0))} -> FALSE | P8: S | Q8: CBA | R8: =small!M7 -> 0.028225 | S8: =small!N7 -> 0.311347 | T8: =small!O7 -> 0.00617 | U8: =small!P7 -> 0.024934 | V8: =small!Q7 -> 11.030895 | W8: =small!R7 -> 0.21860053 | X8: =small!S7 -> 0.88340124 | Y8: 9 | AA8: =small!T30 -> TRUE | AB8: =small!U30 -> TRUE | AC8: =small!V30 -> FALSE | AJ8: bom | AK8: 2 | AL8: 2
A9: L | B9: APT | C9: 0.04MB | D9: {=IF(ISBLANK(INDEX($P$2:$Y$60, MATCH(1, ($P$2:$P$60=$A9) * ($Q$2:$Q$60=$B9), 0), MATCH(D$3, $P$1:$Y$1, 0))), "-", INDEX($P$2:$Y$60, MATCH(1, ($P$2:$P$60=$A9) * ($Q$2:$Q$60=$B9), 0), MATCH(D$3, $P$1:$Y$1, 0)))} -> 9 | E9: {=INDEX($P$2:$X$60, MATCH(1, ($P$2:$P$60=$A9) * ($Q$2:$Q$60=$B9), 0), MATCH(E$3, $P$1:$X$1, 0))} -> 58.664898 | F9: {=INDEX($P$2:$X$60, MATCH(1, ($P$2:$P$60=$A9) * ($Q$2:$Q$60=$B9), 0), MATCH(F$3, $P$1:$X$1, 0))} -> 0.224871 | G9: {=INDEX($P$2:$X$60, MATCH(1, ($P$2:$P$60=$A9) * ($Q$2:$Q$60=$B9), 0), MATCH(G$3, $P$1:$X$1, 0))} -> 0.037757 | H9: {=INDEX($P$2:$X$60, MATCH(1, ($P$2:$P$60=$A9) * ($Q$2:$Q$60=$B9), 0), MATCH(H$3, $P$1:$X$1, 0))} -> 0.035412 | I9: {=INDEX($P$2:$X$60, MATCH(1, ($P$2:$P$60=$A9) * ($Q$2:$Q$60=$B9), 0), MATCH(I$3, $P$1:$X$1, 0))} -> 5.9557433 | J9: {=INDEX($P$2:$X$60, MATCH(1, ($P$2:$P$60=$A9) * ($Q$2:$Q$60=$B9), 0), MATCH(J$3, $P$1:$X$1, 0))} -> 1553.7489 | K9: {=INDEX($P$2:$X$60, MATCH(1, ($P$2:$P$60=$A9) * ($Q$2:$Q$60=$B9), 0), MATCH(K$3, $P$1:$X$1, 0))} -> 0.93789231 | L9: {=INDEX($AA$2:$AC$60, MATCH(1, ($P$2:$P$60=$A9) * ($Q$2:$Q$60=$B9), 0), MATCH(I$3, $AA$1:$AC$1, 0))} -> TRUE | M9: {=INDEX($AA$2:$AC$60, MATCH(1, ($P$2:$P$60=$A9) * ($Q$2:$Q$60=$B9), 0), MATCH(J$3, $AA$1:$AC$1, 0))} -> TRUE | N9: {=INDEX($AA$2:$AC$60, MATCH(1, ($P$2:$P$60=$A9) * ($Q$2:$Q$60=$B9), 0), MATCH(K$3, $AA$1:$AC$1, 0))} -> FALSE | P9: S | Q9: CC | R9: =small!M8 -> 0.011314 | S9: =small!N8 -> 0.070066 | T9: =small!O8 -> 0.002427 | U9: =small!P8 -> 0.009234 | V9: =small!Q8 -> 6.1928584 | W9: =small!R8 -> 0.21451299 | X9: =small!S8 -> 0.81615697 | Y9: 3 | AA9: =small!T31 -> TRUE | AB9: =small!U31 -> TRUE | AC9: =small!V31 -> FALSE | AJ9: cba | AK9: 9 | AL9: 9
A10: S | B10: ASPS | C10: 0.01MB | D10: {=IF(ISBLANK(INDEX($P$2:$Y$60, MATCH(1, ($P$2:$P$60=$A10) * ($Q$2:$Q$60=$B10), 0), MATCH(D$3, $P$1:$Y$1, 0))), "", INDEX($P$2:$Y$60, MATCH(1, ($P$2:$P$60=$A10) * ($Q$2:$Q$60=$B10), 0), MATCH(D$3, $P$1:$Y$1, 0)))} -> 3 | E10: {=INDEX($P$2:$X$60, MATCH(1, ($P$2:$P$60=$A10) * ($Q$2:$Q$60=$B10), 0), MATCH(E$3, $P$1:$X$1, 0))} -> 0.003106 | F10: {=INDEX($P$2:$X$60, MATCH(1, ($P$2:$P$60=$A10) * ($Q$2:$Q$60=$B10), 0), MATCH(F$3, $P$1:$X$1, 0))} -> 0.043912 | G10: {=INDEX($P$2:$X$60, MATCH(1, ($P$2:$P$60=$A10) * ($Q$2:$Q$60=$B10), 0), MATCH(G$3, $P$1:$X$1, 0))} -> 0.012475 | H10: {=INDEX($P$2:$X$60, MATCH(1, ($P$2:$P$60=$A10) * ($Q$2:$Q$60=$B10), 0), MATCH(H$3, $P$1:$X$1, 0))} -> 0.011039 | I10: {=INDEX($P$2:$X$60, MATCH(1, ($P$2:$P$60=$A10) * ($Q$2:$Q$60=$B10), 0), MATCH(I$3, $P$1:$X$1, 0))} -> 3.52 | J10: {=INDEX($P$2:$X$60, MATCH(1, ($P$2:$P$60=$A10) * ($Q$2:$Q$60=$B10), 0), MATCH(J$3, $P$1:$X$1, 0))} -> 0.24897796 | K10: {=INDEX($P$2:$X$60, MATCH(1, ($P$2:$P$60=$A10) * ($Q$2:$Q$60=$B10), 0), MATCH(K$3, $P$1:$X$1, 0))} -> 0.88488978 | L10: {=INDEX($AA$2:$AC$60, MATCH(1, ($P$2:$P$60=$A10) * ($Q$2:$Q$60=$B10), 0), MATCH(I$3, $AA$1:$AC$1, 0))} -> TRUE | M10: {=INDEX($AA$2:$AC$60, MATCH(1, ($P$2:$P$60=$A10) * ($Q$2:$Q$60=$B10), 0), MATCH(J$3, $AA$1:$AC$1, 0))} -> FALSE | N10: {=INDEX($AA$2:$AC$60, MATCH(1, ($P$2:$P$60=$A10) * ($Q$2:$Q$60=$B10), 0), MATCH(K$3, $AA$1:$AC$1, 0))} -> FALSE | P10: S | Q10: CSPA | R10: =small!M9 -> 0.023838 | S10: =small!N9 -> 0.171146 | T10: =small!O9 -> 0.002755 | U10: =small!P9 -> 0.018014 | V10: =small!Q9 -> 7.1795453 | W10: =small!R9 -> 0.11557178 | X10: =small!S9 -> 0.7556842 | Y10: 5 | AA10: =small!T32 -> TRUE | AB10: =small!U32 -> TRUE | AC10: =small!V32 -> FALSE | AJ10: cc | AK10: 3 | AL10: 3
A11: M | B11: ASPS | C11: 1MB | D11: {=IF(ISBLANK(INDEX($P$2:$Y$60, MATCH(1, ($P$2:$P$60=$A11) * ($Q$2:$Q$60=$B11), 0), MATCH(D$3, $P$1:$Y$1, 0))), "-", INDEX($P$2:$Y$60, MATCH(1, ($P$2:$P$60=$A11) * ($Q$2:$Q$60=$B11), 0), MATCH(D$3, $P$1:$Y$1, 0)))} -> 3 | E11: {=INDEX($P$2:$X$60, MATCH(1, ($P$2:$P$60=$A11) * ($Q$2:$Q$60=$B11), 0), MATCH(E$3, $P$1:$X$1, 0))} -> 33.197489 | F11: {=INDEX($P$2:$X$60, MATCH(1, ($P$2:$P$60=$A11) * ($Q$2:$Q$60=$B11), 0), MATCH(F$3, $P$1:$X$1, 0))} -> 0.187528 | G11: {=INDEX($P$2:$X$60, MATCH(1, ($P$2:$P$60=$A11) * ($Q$2:$Q$60=$B11), 0), MATCH(G$3, $P$1:$X$1, 0))} -> 0.047768 | H11: {=INDEX($P$2:$X$60, MATCH(1, ($P$2:$P$60=$A11) * ($Q$2:$Q$60=$B11), 0), MATCH(H$3, $P$1:$X$1, 0))} -> 0.045341 | I11: {=INDEX($P$2:$X$60, MATCH(1, ($P$2:$P$60=$A11) * ($Q$2:$Q$60=$B11), 0), MATCH(I$3, $P$1:$X$1, 0))} -> 3.9258081 | J11: {=INDEX($P$2:$X$60, MATCH(1, ($P$2:$P$60=$A11) * ($Q$2:$Q$60=$B11), 0), MATCH(J$3, $P$1:$X$1, 0))} -> 694.97339 | K11: {=INDEX($P$2:$X$60, MATCH(1, ($P$2:$P$60=$A11) * ($Q$2:$Q$60=$B11), 0), MATCH(K$3, $P$1:$X$1, 0))} -> 0.94919193 | L11: {=INDEX($AA$2:$AC$60, MATCH(1, ($P$2:$P$60=$A11) * ($Q$2:$Q$60=$B11), 0), MATCH(I$3, $AA$1:$AC$1, 0))} -> TRUE | M11: {=INDEX($AA$2:$AC$60, MATCH(1, ($P$2:$P$60=$A11) * ($Q$2:$Q$60=$B11), 0), MATCH(J$3, $AA$1:$AC$1, 0))} -> TRUE | N11: {=INDEX($AA$2:$AC$60, MATCH(1, ($P$2:$P$60=$A11) * ($Q$2:$Q$60=$B11), 0), MATCH(K$3, $AA$1:$AC$1, 0))} -> FALSE | P11: S | Q11: Data Flow | R11: =small!M10 -> 0.006463 | S11: =small!N10 -> 0.047777 | T11: =small!O10 -> 0.001989 | U11: =small!P10 -> 0.005227 | V11: =small!Q10 -> 7.3923874 | W11: =small!R10 -> 0.30775182 | X11: =small!S10 -> 0.80875754 | Y11: 3 | AA11: =small!T33 -> TRUE | AB11: =small!U33 -> TRUE | AC11: =small!V33 -> FALSE | AJ11: cspa | AK11: 5 | AL11: 3
A12: L | B12: ASPS | C12: 5MB | D12: {=IF(ISBLANK(INDEX($P$2:$Y$60, MATCH(1, ($P$2:$P$60=$A12) * ($Q$2:$Q$60=$B12), 0), MATCH(D$3, $P$1:$Y$1, 0))), "-", INDEX($P$2:$Y$60, MATCH(1, ($P$2:$P$60=$A12) * ($Q$2:$Q$60=$B12), 0), MATCH(D$3, $P$1:$Y$1, 0)))} -> 4 | E12: {=INDEX($P$2:$X$60, MATCH(1, ($P$2:$P$60=$A12) * ($Q$2:$Q$60=$B12), 0), MATCH(E$3, $P$1:$X$1, 0))} -> #N/A | F12: {=INDEX($P$2:$X$60, MATCH(1, ($P$2:$P$60=$A12) * ($Q$2:$Q$60=$B12), 0), MATCH(F$3, $P$1:$X$1, 0))} -> 0.669624 | G12: {=INDEX($P$2:$X$60, MATCH(1, ($P$2:$P$60=$A12) * ($Q$2:$Q$60=$B12), 0), MATCH(G$3, $P$1:$X$1, 0))} -> 0.177232 | H12: {=INDEX($P$2:$X$60, MATCH(1, ($P$2:$P$60=$A12) * ($Q$2:$Q$60=$B12), 0), MATCH(H$3, $P$1:$X$1, 0))} -> 0.172121 | I12: {=INDEX($P$2:$X$60, MATCH(1, ($P$2:$P$60=$A12) * ($Q$2:$Q$60=$B12), 0), MATCH(I$3, $P$1:$X$1, 0))} -> 3.7782342 | J12: {=INDEX($P$2:$X$60, MATCH(1, ($P$2:$P$60=$A12) * ($Q$2:$Q$60=$B12), 0), MATCH(J$3, $P$1:$X$1, 0))} -> DNF | K12: {=INDEX($P$2:$X$60, MATCH(1, ($P$2:$P$60=$A12) * ($Q$2:$Q$60=$B12), 0), MATCH(K$3, $P$1:$X$1, 0))} -> 0.97116209 | L12: {=INDEX($AA$2:$AC$60, MATCH(1, ($P$2:$P$60=$A12) * ($Q$2:$Q$60=$B12), 0), MATCH(I$3, $AA$1:$AC$1, 0))} -> TRUE | M12: {=INDEX($AA$2:$AC$60, MATCH(1, ($P$2:$P$60=$A12) * ($Q$2:$Q$60=$B12), 0), MATCH(J$3, $AA$1:$AC$1, 0))} -> TRUE | N12: {=INDEX($AA$2:$AC$60, MATCH(1, ($P$2:$P$60=$A12) * ($Q$2:$Q$60=$B12), 0), MATCH(K$3, $AA$1:$AC$1, 0))} -> FALSE | P12: S | Q12: Even-Odd | R12: =small!M11 -> 0.013899 | S12: =small!N11 -> 0.327469 | T12: =small!O11 -> 0.004072 | U12: =small!P11 -> 0.008555 | V12: =small!Q11 -> 23.560616 | W12: =small!R11 -> 0.29297072 | X12: =small!S11 -> 0.61551191 | Y12: 17 | AA12: =small!T34 -> TRUE | AB12: =small!U34 -> TRUE | AC12: =small!V34 -> FALSE | AJ12: dataflow | AK12: 3 | AL12: 3
A13: S | B13: BOM | C13: 0.01MB | D13: {=IF(ISBLANK(INDEX($P$2:$Y$60, MATCH(1, ($P$2:$P$60=$A13) * ($Q$2:$Q$60=$B13), 0), MATCH(D$3, $P$1:$Y$1, 0))), "", INDEX($P$2:$Y$60, MATCH(1, ($P$2:$P$60=$A13) * ($Q$2:$Q$60=$B13), 0), MATCH(D$3, $P$1:$Y$1, 0)))} -> 2 | E13: {=INDEX($P$2:$X$60, MATCH(1, ($P$2:$P$60=$A13) * ($Q$2:$Q$60=$B13), 0), MATCH(E$3, $P$1:$X$1, 0))} -> 0.002131 | F13: {=INDEX($P$2:$X$60, MATCH(1, ($P$2:$P$60=$A13) * ($Q$2:$Q$60=$B13), 0), MATCH(F$3, $P$1:$X$1, 0))} -> 0.035821 | G13: {=INDEX($P$2:$X$60, MATCH(1, ($P$2:$P$60=$A13) * ($Q$2:$Q$60=$B13), 0), MATCH(G$3, $P$1:$X$1, 0))} -> 0.008915 | H13: {=INDEX($P$2:$X$60, MATCH(1, ($P$2:$P$60=$A13) * ($Q$2:$Q$60=$B13), 0), MATCH(H$3, $P$1:$X$1, 0))} -> 0.00856 | I13: {=INDEX($P$2:$X$60, MATCH(1, ($P$2:$P$60=$A13) * ($Q$2:$Q$60=$B13), 0), MATCH(I$3, $P$1:$X$1, 0))} -> 4.0180595 | J13: {=INDEX($P$2:$X$60, MATCH(1, ($P$2:$P$60=$A13) * ($Q$2:$Q$60=$B13), 0), MATCH(J$3, $P$1:$X$1, 0))} -> 0.23903533 | K13: {=INDEX($P$2:$X$60, MATCH(1, ($P$2:$P$60=$A13) * ($Q$2:$Q$60=$B13), 0), MATCH(K$3, $P$1:$X$1, 0))} -> 0.96017947 | L13: {=INDEX($AA$2:$AC$60, MATCH(1, ($P$2:$P$60=$A13) * ($Q$2:$Q$60=$B13), 0), MATCH(I$3, $AA$1:$AC$1, 0))} -> TRUE | M13: {=INDEX($AA$2:$AC$60, MATCH(1, ($P$2:$P$60=$A13) * ($Q$2:$Q$60=$B13), 0), MATCH(J$3, $AA$1:$AC$1, 0))} -> FALSE | N13: {=INDEX($AA$2:$AC$60, MATCH(1, ($P$2:$P$60=$A13) * ($Q$2:$Q$60=$B13), 0), MATCH(K$3, $AA$1:$AC$1, 0))} -> FALSE | P13: S | Q13: JPT | R13: =small!M12 -> 0.014302 | S13: =small!N12 -> 0.076816 | T13: =small!O12 -> 0.002519 | U13: =small!P12 -> 0.012098 | V13: =small!Q12 -> 5.3709971 | W13: =small!R12 -> 0.17612921 | X13: =small!S12 -> 0.84589568 | Y13: 3 | AA13: =small!T35 -> TRUE | AB13: =small!U35 -> TRUE | AC13: =small!V35 -> FALSE | AJ13: evenodd | AK13: 17 | AL13: 17
A14: M | B14: BOM | C14: 2MB | D14: {=IF(ISBLANK(INDEX($P$2:$Y$60, MATCH(1, ($P$2:$P$60=$A14) * ($Q$2:$Q$60=$B14), 0), MATCH(D$3, $P$1:$Y$1, 0))), "-", INDEX($P$2:$Y$60, MATCH(1, ($P$2:$P$60=$A14) * ($Q$2:$Q$60=$B14), 0), MATCH(D$3, $P$1:$Y$1, 0)))} -> 5 | E14: {=INDEX($P$2:$X$60, MATCH(1, ($P$2:$P$60=$A14) * ($Q$2:$Q$60=$B14), 0), MATCH(E$3, $P$1:$X$1, 0))} -> 139.44781 | F14: {=INDEX($P$2:$X$60, MATCH(1, ($P$2:$P$60=$A14) * ($Q$2:$Q$60=$B14), 0), MATCH(F$3, $P$1:$X$1, 0))} -> 0.564976 | G14: {=INDEX($P$2:$X$60, MATCH(1, ($P$2:$P$60=$A14) * ($Q$2:$Q$60=$B14), 0), MATCH(G$3, $P$1:$X$1, 0))} -> 0.08324 | H14: {=INDEX($P$2:$X$60, MATCH(1, ($P$2:$P$60=$A14) * ($Q$2:$Q$60=$B14), 0), MATCH(H$3, $P$1:$X$1, 0))} -> 0.075222 | I14: {=INDEX($P$2:$X$60, MATCH(1, ($P$2:$P$60=$A14) * ($Q$2:$Q$60=$B14), 0), MATCH(I$3, $P$1:$X$1, 0))} -> 6.7873138 | J14: {=INDEX($P$2:$X$60, MATCH(1, ($P$2:$P$60=$A14) * ($Q$2:$Q$60=$B14), 0), MATCH(J$3, $P$1:$X$1, 0))} -> 1675.25 | K14: {=INDEX($P$2:$X$60, MATCH(1, ($P$2:$P$60=$A14) * ($Q$2:$Q$60=$B14), 0), MATCH(K$3, $P$1:$X$1, 0))} -> 0.90367612 | L14: {=INDEX($AA$2:$AC$60, MATCH(1, ($P$2:$P$60=$A14) * ($Q$2:$Q$60=$B14), 0), MATCH(I$3, $AA$1:$AC$1, 0))} -> TRUE | M14: {=INDEX($AA$2:$AC$60, MATCH(1, ($P$2:$P$60=$A14) * ($Q$2:$Q$60=$B14), 0), MATCH(J$3, $AA$1:$AC$1, 0))} -> TRUE | N14: {=INDEX($AA$2:$AC$60, MATCH(1, ($P$2:$P$60=$A14) * ($Q$2:$Q$60=$B14), 0), MATCH(K$3, $AA$1:$AC$1, 0))} -> FALSE | P14: S | Q14: Orbits | R14: =small!M13 -> 0.011875 | S14: =small!N13 -> 0.037601 | T14: =small!O13 -> 0.002048 | U14: =small!P13 -> 0.00955 | V14: =small!Q13 -> 3.1664 | W14: =small!R13 -> 0.17246316 | X14: =small!S13 -> 0.80421053 | Y14: 2 | AA14: =small!T36 -> TRUE | AB14: =small!U36 -> FALSE | AC14: =small!V36 -> FALSE | AJ14: javapointsto | AK14: 3 | AL14: 3
A15: L | B15: BOM | C15: 20MB | D15: {=IF(ISBLANK(INDEX($P$2:$Y$60, MATCH(1, ($P$2:$P$60=$A15) * ($Q$2:$Q$60=$B15), 0), MATCH(D$3, $P$1:$Y$1, 0))), "-", INDEX($P$2:$Y$60, MATCH(1, ($P$2:$P$60=$A15) * ($Q$2:$Q$60=$B15), 0), MATCH(D$3, $P$1:$Y$1, 0)))} -> 22 | E15: {=INDEX($P$2:$X$60, MATCH(1, ($P$2:$P$60=$A15) * ($Q$2:$Q$60=$B15), 0), MATCH(E$3, $P$1:$X$1, 0))} -> #N/A | F15: {=INDEX($P$2:$X$60, MATCH(1, ($P$2:$P$60=$A15) * ($Q$2:$Q$60=$B15), 0), MATCH(F$3, $P$1:$X$1, 0))} -> 14.777259 | G15: {=INDEX($P$2:$X$60, MATCH(1, ($P$2:$P$60=$A15) * ($Q$2:$Q$60=$B15), 0), MATCH(G$3, $P$1:$X$1, 0))} -> 1.108135 | H15: {=INDEX($P$2:$X$60, MATCH(1, ($P$2:$P$60=$A15) * ($Q$2:$Q$60=$B15), 0), MATCH(H$3, $P$1:$X$1, 0))} -> 1.115188 | I15: {=INDEX($P$2:$X$60, MATCH(1, ($P$2:$P$60=$A15) * ($Q$2:$Q$60=$B15), 0), MATCH(I$3, $P$1:$X$1, 0))} -> 13.335252 | J15: {=INDEX($P$2:$X$60, MATCH(1, ($P$2:$P$60=$A15) * ($Q$2:$Q$60=$B15), 0), MATCH(J$3, $P$1:$X$1, 0))} -> DNF | K15: {=INDEX($P$2:$X$60, MATCH(1, ($P$2:$P$60=$A15) * ($Q$2:$Q$60=$B15), 0), MATCH(K$3, $P$1:$X$1, 0))} -> 1.0063647 | L15: {=INDEX($AA$2:$AC$60, MATCH(1, ($P$2:$P$60=$A15) * ($Q$2:$Q$60=$B15), 0), MATCH(I$3, $AA$1:$AC$1, 0))} -> TRUE | M15: {=INDEX($AA$2:$AC$60, MATCH(1, ($P$2:$P$60=$A15) * ($Q$2:$Q$60=$B15), 0), MATCH(J$3, $AA$1:$AC$1, 0))} -> TRUE | N15: {=INDEX($AA$2:$AC$60, MATCH(1, ($P$2:$P$60=$A15) * ($Q$2:$Q$60=$B15), 0), MATCH(K$3, $AA$1:$AC$1, 0))} -> FALSE | P15: S | Q15: Party | R15: =small!M14 -> 0.011764 | S15: =small!N14 -> 0.098845 | T15: =small!O14 -> 0.003742 | U15: =small!P14 -> 0.009801 | V15: =small!Q14 -> 8.4023291 | W15: =small!R14 -> 0.31808909 | X15: =small!S14 -> 0.83313499 | Y15: 5 | AA15: =small!T37 -> TRUE | AB15: =small!U37 -> FALSE | AC15: =small!V37 -> FALSE | AJ15: orbits | AK15: 2 | AL15: 2
A16: S | B16: CBA | C16: 0.02MB | D16: {=IF(ISBLANK(INDEX($P$2:$Y$60, MATCH(1, ($P$2:$P$60=$A16) * ($Q$2:$Q$60=$B16), 0), MATCH(D$3, $P$1:$Y$1, 0))), "", INDEX($P$2:$Y$60, MATCH(1, ($P$2:$P$60=$A16) * ($Q$2:$Q$60=$B16), 0), MATCH(D$3, $P$1:$Y$1, 0)))} -> 9 | E16: {=INDEX($P$2:$X$60, MATCH(1, ($P$2:$P$60=$A16) * ($Q$2:$Q$60=$B16), 0), MATCH(E$3, $P$1:$X$1, 0))} -> 0.00617 | F16: {=INDEX($P$2:$X$60, MATCH(1, ($P$2:$P$60=$A16) * ($Q$2:$Q$60=$B16), 0), MATCH(F$3, $P$1:$X$1, 0))} -> 0.311347 | G16: {=INDEX($P$2:$X$60, MATCH(1, ($P$2:$P$60=$A16) * ($Q$2:$Q$60=$B16), 0), MATCH(G$3, $P$1:$X$1, 0))} -> 0.028225 | H16: {=INDEX($P$2:$X$60, MATCH(1, ($P$2:$P$60=$A16) * ($Q$2:$Q$60=$B16), 0), MATCH(H$3, $P$1:$X$1, 0))} -> 0.024934 | I16: {=INDEX($P$2:$X$60, MATCH(1, ($P$2:$P$60=$A16) * ($Q$2:$Q$60=$B16), 0), MATCH(I$3, $P$1:$X$1, 0))} -> 11.030895 | J16: {=INDEX($P$2:$X$60, MATCH(1, ($P$2:$P$60=$A16) * ($Q$2:$Q$60=$B16), 0), MATCH(J$3, $P$1:$X$1, 0))} -> 0.21860053 | K16: {=INDEX($P$2:$X$60, MATCH(1, ($P$2:$P$60=$A16) * ($Q$2:$Q$60=$B16), 0), MATCH(K$3, $P$1:$X$1, 0))} -> 0.88340124 | L16: {=INDEX($AA$2:$AC$60, MATCH(1, ($P$2:$P$60=$A16) * ($Q$2:$Q$60=$B16), 0), MATCH(I$3, $AA$1:$AC$1, 0))} -> TRUE | M16: {=INDEX($AA$2:$AC$60, MATCH(1, ($P$2:$P$60=$A16) * ($Q$2:$Q$60=$B16), 0), MATCH(J$3, $AA$1:$AC$1, 0))} -> TRUE | N16: {=INDEX($AA$2:$AC$60, MATCH(1, ($P$2:$P$60=$A16) * ($Q$2:$Q$60=$B16), 0), MATCH(K$3, $AA$1:$AC$1, 0))} -> FALSE | P16: S | Q16: PTC | R16: =small!M15 -> 0.016161 | S16: =small!N15 -> 0.084974 | T16: =small!O15 -> 0.002606 | U16: =small!P15 -> 0.012428 | V16: =small!Q15 -> 5.2579667 | W16: =small!R15 -> 0.1612524 | X16: =small!S15 -> 0.76901182 | Y16: 3 | AA16: =small!T38 -> TRUE | AB16: =small!U38 -> TRUE | AC16: =small!V38 -> FALSE | AJ16: party | AK16: 5 | AL16: 5
A17: M | B17: CBA | C17: 0.1MB | D17: {=IF(ISBLANK(INDEX($P$2:$Y$60, MATCH(1, ($P$2:$P$60=$A17) * ($Q$2:$Q$60=$B17), 0), MATCH(D$3, $P$1:$Y$1, 0))), "-", INDEX($P$2:$Y$60, MATCH(1, ($P$2:$P$60=$A17) * ($Q$2:$Q$60=$B17), 0), MATCH(D$3, $P$1:$Y$1, 0)))} -> 1 | E17: {=INDEX($P$2:$X$60, MATCH(1, ($P$2:$P$60=$A17) * ($Q$2:$Q$60=$B17), 0), MATCH(E$3, $P$1:$X$1, 0))} -> #N/A | F17: {=INDEX($P$2:$X$60, MATCH(1, ($P$2:$P$60=$A17) * ($Q$2:$Q$60=$B17), 0), MATCH(F$3, $P$1:$X$1, 0))} -> 0.054289 | G17: {=INDEX($P$2:$X$60, MATCH(1, ($P$2:$P$60=$A17) * ($Q$2:$Q$60=$B17), 0), MATCH(G$3, $P$1:$X$1, 0))} -> 0.01988 | H17: {=INDEX($P$2:$X$60, MATCH(1, ($P$2:$P$60=$A17) * ($Q$2:$Q$60=$B17), 0), MATCH(H$3, $P$1:$X$1, 0))} -> 0.016523 | I17: {=INDEX($P$2:$X$60, MATCH(1, ($P$2:$P$60=$A17) * ($Q$2:$Q$60=$B17), 0), MATCH(I$3, $P$1:$X$1, 0))} -> 2.730835 | J17: {=INDEX($P$2:$X$60, MATCH(1, ($P$2:$P$60=$A17) * ($Q$2:$Q$60=$B17), 0), MATCH(J$3, $P$1:$X$1, 0))} -> DNF | K17: {=INDEX($P$2:$X$60, MATCH(1, ($P$2:$P$60=$A17) * ($Q$2:$Q$60=$B17), 0), MATCH(K$3, $P$1:$X$1, 0))} -> 0.83113682 | L17: {=INDEX($AA$2:$AC$60, MATCH(1, ($P$2:$P$60=$A17) * ($Q$2:$Q$60=$B17), 0), MATCH(I$3, $AA$1:$AC$1, 0))} -> TRUE | M17: {=INDEX($AA$2:$AC$60, MATCH(1, ($P$2:$P$60=$A17) * ($Q$2:$Q$60=$B17), 0), MATCH(J$3, $AA$1:$AC$1, 0))} -> TRUE | N17: {=INDEX($AA$2:$AC$60, MATCH(1, ($P$2:$P$60=$A17) * ($Q$2:$Q$60=$B17), 0), MATCH(K$3, $AA$1:$AC$1, 0))} -> FALSE | P17: S | Q17: SSSP | R17: =small!M16 -> 0.00851 | S17: =small!N16 -> 0.068136 | T17: =small!O16 -> 0.00251 | U17: =small!P16 -> 0.008624 | V17: =small!Q16 -> 8.0065805 | W17: =small!R16 -> 0.29494712 | X17: =small!S16 -> 1.013396 | Y17: 5 | AA17: =small!T39 -> TRUE | AB17: =small!U39 -> FALSE | AC17: =small!V39 -> FALSE | AJ17: pointstocount | AK17: 3 | AL17: 3
A18: L | B18: CBA | C18: 0.2MB | D18: {=IF(ISBLANK(INDEX($P$2:$Y$60, MATCH(1, ($P$2:$P$60=$A18) * ($Q$2:$Q$60=$B18), 0), MATCH(D$3, $P$1:$Y$1, 0))), "-", INDEX($P$2:$Y$60, MATCH(1, ($P$2:$P$60=$A18) * ($Q$2:$Q$60=$B18), 0), MATCH(D$3, $P$1:$Y$1, 0)))} -> 1 | E18: {=INDEX($P$2:$X$60, MATCH(1, ($P$2:$P$60=$A18) * ($Q$2:$Q$60=$B18), 0), MATCH(E$3, $P$1:$X$1, 0))} -> #N/A | F18: {=INDEX($P$2:$X$60, MATCH(1, ($P$2:$P$60=$A18) * ($Q$2:$Q$60=$B18), 0), MATCH(F$3, $P$1:$X$1, 0))} -> 0.059309 | G18: {=INDEX($P$2:$X$60, MATCH(1, ($P$2:$P$60=$A18) * ($Q$2:$Q$60=$B18), 0), MATCH(G$3, $P$1:$X$1, 0))} -> 0.0238 | H18: {=INDEX($P$2:$X$60, MATCH(1, ($P$2:$P$60=$A18) * ($Q$2:$Q$60=$B18), 0), MATCH(H$3, $P$1:$X$1, 0))} -> 0.019702 | I18: {=INDEX($P$2:$X$60, MATCH(1, ($P$2:$P$60=$A18) * ($Q$2:$Q$60=$B18), 0), MATCH(I$3, $P$1:$X$1, 0))} -> 2.4919748 | J18: {=INDEX($P$2:$X$60, MATCH(1, ($P$2:$P$60=$A18) * ($Q$2:$Q$60=$B18), 0), MATCH(J$3, $P$1:$X$1, 0))} -> DNF | K18: {=INDEX($P$2:$X$60, MATCH(1, ($P$2:$P$60=$A18) * ($Q$2:$Q$60=$B18), 0), MATCH(K$3, $P$1:$X$1, 0))} -> 0.82781513 | L18: {=INDEX($AA$2:$AC$60, MATCH(1, ($P$2:$P$60=$A18) * ($Q$2:$Q$60=$B18), 0), MATCH(I$3, $AA$1:$AC$1, 0))} -> TRUE | M18: {=INDEX($AA$2:$AC$60, MATCH(1, ($P$2:$P$60=$A18) * ($Q$2:$Q$60=$B18), 0), MATCH(J$3, $AA$1:$AC$1, 0))} -> TRUE | N18: {=INDEX($AA$2:$AC$60, MATCH(1, ($P$2:$P$60=$A18) * ($Q$2:$Q$60=$B18), 0), MATCH(K$3, $AA$1:$AC$1, 0))} -> FALSE | P18: S | Q18: TC | R18: =small!M17 -> 0.006871 | S18: =small!N17 -> 0.030762 | T18: =small!O17 -> 0.001476 | U18: =small!P17 -> 0.004989 | V18: =small!Q17 -> 4.4770776 | W18: =small!R17 -> 0.21481589 | X18: =small!S17 -> 0.72609518 | Y18: 2 | AA18: =small!T40 -> TRUE | AB18: =small!U40 -> TRUE | AC18: =small!V40 -> FALSE | AJ18: sssp | AK18: 5 | AL18: 5
A19: S | B19: CC | C19: 0.01MB | D19: {=IF(ISBLANK(INDEX($P$2:$Y$60, MATCH(1, ($P$2:$P$60=$A19) * ($Q$2:$Q$60=$B19), 0), MATCH(D$3, $P$1:$Y$1, 0))), "", INDEX($P$2:$Y$60, MATCH(1, ($P$2:$P$60=$A19) * ($Q$2:$Q$60=$B19), 0), MATCH(D$3, $P$1:$Y$1, 0)))} -> 3 | E19: {=INDEX($P$2:$X$60, MATCH(1, ($P$2:$P$60=$A19) * ($Q$2:$Q$60=$B19), 0), MATCH(E$3, $P$1:$X$1, 0))} -> 0.002427 | F19: {=INDEX($P$2:$X$60, MATCH(1, ($P$2:$P$60=$A19) * ($Q$2:$Q$60=$B19), 0), MATCH(F$3, $P$1:$X$1, 0))} -> 0.070066 | G19: {=INDEX($P$2:$X$60, MATCH(1, ($P$2:$P$60=$A19) * ($Q$2:$Q$60=$B19), 0), MATCH(G$3, $P$1:$X$1, 0))} -> 0.011314 | H19: {=INDEX($P$2:$X$60, MATCH(1, ($P$2:$P$60=$A19) * ($Q$2:$Q$60=$B19), 0), MATCH(H$3, $P$1:$X$1, 0))} -> 0.009234 | I19: {=INDEX($P$2:$X$60, MATCH(1, ($P$2:$P$60=$A19) * ($Q$2:$Q$60=$B19), 0), MATCH(I$3, $P$1:$X$1, 0))} -> 6.1928584 | J19: {=INDEX($P$2:$X$60, MATCH(1, ($P$2:$P$60=$A19) * ($Q$2:$Q$60=$B19), 0), MATCH(J$3, $P$1:$X$1, 0))} -> 0.21451299 | K19: {=INDEX($P$2:$X$60, MATCH(1, ($P$2:$P$60=$A19) * ($Q$2:$Q$60=$B19), 0), MATCH(K$3, $P$1:$X$1, 0))} -> 0.81615697 | L19: {=INDEX($AA$2:$AC$60, MATCH(1, ($P$2:$P$60=$A19) * ($Q$2:$Q$60=$B19), 0), MATCH(I$3, $AA$1:$AC$1, 0))} -> TRUE | M19: {=INDEX($AA$2:$AC$60, MATCH(1, ($P$2:$P$60=$A19) * ($Q$2:$Q$60=$B19), 0), MATCH(J$3, $AA$1:$AC$1, 0))} -> TRUE | N19: {=INDEX($AA$2:$AC$60, MATCH(1, ($P$2:$P$60=$A19) * ($Q$2:$Q$60=$B19), 0), MATCH(K$3, $AA$1:$AC$1, 0))} -> FALSE | P19: S | Q19: COT | R19: =small!M18 -> 0.011426 | S19: =small!N18 -> 0.15993 | T19: =small!O18 -> 0.002866 | U19: =small!P18 -> 0.008272 | V19: =small!Q18 -> 13.997024 | W19: =small!R18 -> 0.25083144 | X19: =small!S18 -> 0.72396289 | Y19: 7 | AA19: =small!T41 -> TRUE | AB19: =small!U41 -> TRUE | AC19: =small!V41 -> FALSE | AJ19: tc | AK19: 2 | AL19: 2
A20: M | B20: CC | C20: 1MB | D20: {=IF(ISBLANK(INDEX($P$2:$Y$60, MATCH(1, ($P$2:$P$60=$A20) * ($Q$2:$Q$60=$B20), 0), MATCH(D$3, $P$1:$Y$1, 0))), "-", INDEX($P$2:$Y$60, MATCH(1, ($P$2:$P$60=$A20) * ($Q$2:$Q$60=$B20), 0), MATCH(D$3, $P$1:$Y$1, 0)))} -> 3 | E20: {=INDEX($P$2:$X$60, MATCH(1, ($P$2:$P$60=$A20) * ($Q$2:$Q$60=$B20), 0), MATCH(E$3, $P$1:$X$1, 0))} -> 13.838817 | F20: {=INDEX($P$2:$X$60, MATCH(1, ($P$2:$P$60=$A20) * ($Q$2:$Q$60=$B20), 0), MATCH(F$3, $P$1:$X$1, 0))} -> 0.7659 | G20: {=INDEX($P$2:$X$60, MATCH(1, ($P$2:$P$60=$A20) * ($Q$2:$Q$60=$B20), 0), MATCH(G$3, $P$1:$X$1, 0))} -> 0.295005 | H20: {=INDEX($P$2:$X$60, MATCH(1, ($P$2:$P$60=$A20) * ($Q$2:$Q$60=$B20), 0), MATCH(H$3, $P$1:$X$1, 0))} -> 0.299997 | I20: {=INDEX($P$2:$X$60, MATCH(1, ($P$2:$P$60=$A20) * ($Q$2:$Q$60=$B20), 0), MATCH(I$3, $P$1:$X$1, 0))} -> 2.5962272 | J20: {=INDEX($P$2:$X$60, MATCH(1, ($P$2:$P$60=$A20) * ($Q$2:$Q$60=$B20), 0), MATCH(J$3, $P$1:$X$1, 0))} -> 46.910449 | K20: {=INDEX($P$2:$X$60, MATCH(1, ($P$2:$P$60=$A20) * ($Q$2:$Q$60=$B20), 0), MATCH(K$3, $P$1:$X$1, 0))} -> 1.0169217 | L20: {=INDEX($AA$2:$AC$60, MATCH(1, ($P$2:$P$60=$A20) * ($Q$2:$Q$60=$B20), 0), MATCH(I$3, $AA$1:$AC$1, 0))} -> TRUE | M20: {=INDEX($AA$2:$AC$60, MATCH(1, ($P$2:$P$60=$A20) * ($Q$2:$Q$60=$B20), 0), MATCH(J$3, $AA$1:$AC$1, 0))} -> TRUE | N20: {=INDEX($AA$2:$AC$60, MATCH(1, ($P$2:$P$60=$A20) * ($Q$2:$Q$60=$B20), 0), MATCH(K$3, $AA$1:$AC$1, 0))} -> FALSE | AJ20: trustchain | AK20: 7 | AL20: 7
A21: L | B21: CC | C21: 1.5MB | D21: {=IF(ISBLANK(INDEX($P$2:$Y$60, MATCH(1, ($P$2:$P$60=$A21) * ($Q$2:$Q$60=$B21), 0), MATCH(D$3, $P$1:$Y$1, 0))), "-", INDEX($P$2:$Y$60, MATCH(1, ($P$2:$P$60=$A21) * ($Q$2:$Q$60=$B21), 0), MATCH(D$3, $P$1:$Y$1, 0)))} -> 3 | E21: {=INDEX($P$2:$X$60, MATCH(1, ($P$2:$P$60=$A21) * ($Q$2:$Q$60=$B21), 0), MATCH(E$3, $P$1:$X$1, 0))} -> 40.566227 | F21: {=INDEX($P$2:$X$60, MATCH(1, ($P$2:$P$60=$A21) * ($Q$2:$Q$60=$B21), 0), MATCH(F$3, $P$1:$X$1, 0))} -> 1.016031 | G21: {=INDEX($P$2:$X$60, MATCH(1, ($P$2:$P$60=$A21) * ($Q$2:$Q$60=$B21), 0), MATCH(G$3, $P$1:$X$1, 0))} -> 0.831436 | H21: {=INDEX($P$2:$X$60, MATCH(1, ($P$2:$P$60=$A21) * ($Q$2:$Q$60=$B21), 0), MATCH(H$3, $P$1:$X$1, 0))} -> 0.787513 | I21: {=INDEX($P$2:$X$60, MATCH(1, ($P$2:$P$60=$A21) * ($Q$2:$Q$60=$B21), 0), MATCH(I$3, $P$1:$X$1, 0))} -> 1.2220195 | J21: {=INDEX($P$2:$X$60, MATCH(1, ($P$2:$P$60=$A21) * ($Q$2:$Q$60=$B21), 0), MATCH(J$3, $P$1:$X$1, 0))} -> 48.790559 | K21: {=INDEX($P$2:$X$60, MATCH(1, ($P$2:$P$60=$A21) * ($Q$2:$Q$60=$B21), 0), MATCH(K$3, $P$1:$X$1, 0))} -> 0.94717212 | L21: {=INDEX($AA$2:$AC$60, MATCH(1, ($P$2:$P$60=$A21) * ($Q$2:$Q$60=$B21), 0), MATCH(I$3, $AA$1:$AC$1, 0))} -> TRUE | M21: {=INDEX($AA$2:$AC$60, MATCH(1, ($P$2:$P$60=$A21) * ($Q$2:$Q$60=$B21), 0), MATCH(J$3, $AA$1:$AC$1, 0))} -> TRUE | N21: {=INDEX($AA$2:$AC$60, MATCH(1, ($P$2:$P$60=$A21) * ($Q$2:$Q$60=$B21), 0), MATCH(K$3, $AA$1:$AC$1, 0))} -> FALSE
A22: S | B22: CSPA | C22: 0.01MB | D22: {=IF(ISBLANK(INDEX($P$2:$Y$60, MATCH(1, ($P$2:$P$60=$A22) * ($Q$2:$Q$60=$B22), 0), MATCH(D$3, $P$1:$Y$1, 0))), "", INDEX($P$2:$Y$60, MATCH(1, ($P$2:$P$60=$A22) * ($Q$2:$Q$60=$B22), 0), MATCH(D$3, $P$1:$Y$1, 0)))} -> 5 | E22: {=INDEX($P$2:$X$60, MATCH(1, ($P$2:$P$60=$A22) * ($Q$2:$Q$60=$B22), 0), MATCH(E$3, $P$1:$X$1, 0))} -> 0.002755 | F22: {=INDEX($P$2:$X$60, MATCH(1, ($P$2:$P$60=$A22) * ($Q$2:$Q$60=$B22), 0), MATCH(F$3, $P$1:$X$1, 0))} -> 0.171146 | G22: {=INDEX($P$2:$X$60, MATCH(1, ($P$2:$P$60=$A22) * ($Q$2:$Q$60=$B22), 0), MATCH(G$3, $P$1:$X$1, 0))} -> 0.023838 | H22: {=INDEX($P$2:$X$60, MATCH(1, ($P$2:$P$60=$A22) * ($Q$2:$Q$60=$B22), 0), MATCH(H$3, $P$1:$X$1, 0))} -> 0.018014 | I22: {=INDEX($P$2:$X$60, MATCH(1, ($P$2:$P$60=$A22) * ($Q$2:$Q$60=$B22), 0), MATCH(I$3, $P$1:$X$1, 0))} -> 7.1795453 | J22: {=INDEX($P$2:$X$60, MATCH(1, ($P$2:$P$60=$A22) * ($Q$2:$Q$60=$B22), 0), MATCH(J$3, $P$1:$X$1, 0))} -> 0.11557178 | K22: {=INDEX($P$2:$X$60, MATCH(1, ($P$2:$P$60=$A22) * ($Q$2:$Q$60=$B22), 0), MATCH(K$3, $P$1:$X$1, 0))} -> 0.7556842 | L22: {=INDEX($AA$2:$AC$60, MATCH(1, ($P$2:$P$60=$A22) * ($Q$2:$Q$60=$B22), 0), MATCH(I$3, $AA$1:$AC$1, 0))} -> TRUE | M22: {=INDEX($AA$2:$AC$60, MATCH(1, ($P$2:$P$60=$A22) * ($Q$2:$Q$60=$B22), 0), MATCH(J$3, $AA$1:$AC$1, 0))} -> TRUE | N22: {=INDEX($AA$2:$AC$60, MATCH(1, ($P$2:$P$60=$A22) * ($Q$2:$Q$60=$B22), 0), MATCH(K$3, $AA$1:$AC$1, 0))} -> FALSE
A23: M | B23: CSPA | C23: 2MB | D23: {=IF(ISBLANK(INDEX($P$2:$Y$60, MATCH(1, ($P$2:$P$60=$A23) * ($Q$2:$Q$60=$B23), 0), MATCH(D$3, $P$1:$Y$1, 0))), "-", INDEX($P$2:$Y$60, MATCH(1, ($P$2:$P$60=$A23) * ($Q$2:$Q$60=$B23), 0), MATCH(D$3, $P$1:$Y$1, 0)))} -> 11 | E23: {=INDEX($P$2:$X$60, MATCH(1, ($P$2:$P$60=$A23) * ($Q$2:$Q$60=$B23), 0), MATCH(E$3, $P$1:$X$1, 0))} -> #N/A | F23: {=INDEX($P$2:$X$60, MATCH(1, ($P$2:$P$60=$A23) * ($Q$2:$Q$60=$B23), 0), MATCH(F$3, $P$1:$X$1, 0))} -> 5.711531 | G23: {=INDEX($P$2:$X$60, MATCH(1, ($P$2:$P$60=$A23) * ($Q$2:$Q$60=$B23), 0), MATCH(G$3, $P$1:$X$1, 0))} -> 1.06881 | H23: {=INDEX($P$2:$X$60, MATCH(1, ($P$2:$P$60=$A23) * ($Q$2:$Q$60=$B23), 0), MATCH(H$3, $P$1:$X$1, 0))} -> 1.109318 | I23: {=INDEX($P$2:$X$60, MATCH(1, ($P$2:$P$60=$A23) * ($Q$2:$Q$60=$B23), 0), MATCH(I$3, $P$1:$X$1, 0))} -> 5.3438226 | J23: {=INDEX($P$2:$X$60, MATCH(1, ($P$2:$P$60=$A23) * ($Q$2:$Q$60=$B23), 0), MATCH(J$3, $P$1:$X$1, 0))} -> DNF | K23: {=INDEX($P$2:$X$60, MATCH(1, ($P$2:$P$60=$A23) * ($Q$2:$Q$60=$B23), 0), MATCH(K$3, $P$1:$X$1, 0))} -> 1.0379001 | L23: {=INDEX($AA$2:$AC$60, MATCH(1, ($P$2:$P$60=$A23) * ($Q$2:$Q$60=$B23), 0), MATCH(I$3, $AA$1:$AC$1, 0))} -> TRUE | M23: {=INDEX($AA$2:$AC$60, MATCH(1, ($P$2:$P$60=$A23) * ($Q$2:$Q$60=$B23), 0), MATCH(J$3, $AA$1:$AC$1, 0))} -> TRUE | N23: {=INDEX($AA$2:$AC$60, MATCH(1, ($P$2:$P$60=$A23) * ($Q$2:$Q$60=$B23), 0), MATCH(K$3, $AA$1:$AC$1, 0))} -> FALSE | P23: Medium
A24: L | B24: CSPA | C24: 10MB | D24: {=IF(ISBLANK(INDEX($P$2:$Y$60, MATCH(1, ($P$2:$P$60=$A24) * ($Q$2:$Q$60=$B24), 0), MATCH(D$3, $P$1:$Y$1, 0))), "-", INDEX($P$2:$Y$60, MATCH(1, ($P$2:$P$60=$A24) * ($Q$2:$Q$60=$B24), 0), MATCH(D$3, $P$1:$Y$1, 0)))} -> 14 | E24: {=INDEX($P$2:$X$60, MATCH(1, ($P$2:$P$60=$A24) * ($Q$2:$Q$60=$B24), 0), MATCH(E$3, $P$1:$X$1, 0))} -> #N/A | F24: {=INDEX($P$2:$X$60, MATCH(1, ($P$2:$P$60=$A24) * ($Q$2:$Q$60=$B24), 0), MATCH(F$3, $P$1:$X$1, 0))} -> 318.53118 | G24: {=INDEX($P$2:$X$60, MATCH(1, ($P$2:$P$60=$A24) * ($Q$2:$Q$60=$B24), 0), MATCH(G$3, $P$1:$X$1, 0))} -> 31.674879 | H24: {=INDEX($P$2:$X$60, MATCH(1, ($P$2:$P$60=$A24) * ($Q$2:$Q$60=$B24), 0), MATCH(H$3, $P$1:$X$1, 0))} -> 31.570931 | I24: {=INDEX($P$2:$X$60, MATCH(1, ($P$2:$P$60=$A24) * ($Q$2:$Q$60=$B24), 0), MATCH(I$3, $P$1:$X$1, 0))} -> 10.056271 | J24: {=INDEX($P$2:$X$60, MATCH(1, ($P$2:$P$60=$A24) * ($Q$2:$Q$60=$B24), 0), MATCH(J$3, $P$1:$X$1, 0))} -> DNF | K24: {=INDEX($P$2:$X$60, MATCH(1, ($P$2:$P$60=$A24) * ($Q$2:$Q$60=$B24), 0), MATCH(K$3, $P$1:$X$1, 0))} -> 0.99671828 | L24: {=INDEX($AA$2:$AC$60, MATCH(1, ($P$2:$P$60=$A24) * ($Q$2:$Q$60=$B24), 0), MATCH(I$3, $AA$1:$AC$1, 0))} -> TRUE | M24: {=INDEX($AA$2:$AC$60, MATCH(1, ($P$2:$P$60=$A24) * ($Q$2:$Q$60=$B24), 0), MATCH(J$3, $AA$1:$AC$1, 0))} -> TRUE | N24: {=INDEX($AA$2:$AC$60, MATCH(1, ($P$2:$P$60=$A24) * ($Q$2:$Q$60=$B24), 0), MATCH(K$3, $AA$1:$AC$1, 0))} -> FALSE | P24: M | Q24: Ancestry | R24: =medium!M3 -> 0.209304 | S24: =medium!N3 -> 0.422596 | T24: =medium!O3 -> 3.711833 | U24: =medium!P3 -> 0.213615 | V24: =medium!Q3 -> 2.0190536 | W24: =medium!R3 -> 17.734171 | X24: =medium!S3 -> 1.0205968 | Y24: 15 | AA24: =medium!T26 -> TRUE | AB24: =medium!U26 -> TRUE | AC24: =medium!V26 -> FALSE | AJ24: Average of 15 | AK24: Column Labels
A25: S | B25: Data Flow | C25: 0.01MB | D25: {=IF(ISBLANK(INDEX($P$2:$Y$60, MATCH(1, ($P$2:$P$60=$A25) * ($Q$2:$Q$60=$B25), 0), MATCH(D$3, $P$1:$Y$1, 0))), "", INDEX($P$2:$Y$60, MATCH(1, ($P$2:$P$60=$A25) * ($Q$2:$Q$60=$B25), 0), MATCH(D$3, $P$1:$Y$1, 0)))} -> 3 | E25: {=INDEX($P$2:$X$60, MATCH(1, ($P$2:$P$60=$A25) * ($Q$2:$Q$60=$B25), 0), MATCH(E$3, $P$1:$X$1, 0))} -> 0.001989 | F25: {=INDEX($P$2:$X$60, MATCH(1, ($P$2:$P$60=$A25) * ($Q$2:$Q$60=$B25), 0), MATCH(F$3, $P$1:$X$1, 0))} -> 0.047777 | G25: {=INDEX($P$2:$X$60, MATCH(1, ($P$2:$P$60=$A25) * ($Q$2:$Q$60=$B25), 0), MATCH(G$3, $P$1:$X$1, 0))} -> 0.006463 | H25: {=INDEX($P$2:$X$60, MATCH(1, ($P$2:$P$60=$A25) * ($Q$2:$Q$60=$B25), 0), MATCH(H$3, $P$1:$X$1, 0))} -> 0.005227 | I25: {=INDEX($P$2:$X$60, MATCH(1, ($P$2:$P$60=$A25) * ($Q$2:$Q$60=$B25), 0), MATCH(I$3, $P$1:$X$1, 0))} -> 7.3923874 | J25: {=INDEX($P$2:$X$60, MATCH(1, ($P$2:$P$60=$A25) * ($Q$2:$Q$60=$B25), 0), MATCH(J$3, $P$1:$X$1, 0))} -> 0.30775182 | K25: {=INDEX($P$2:$X$60, MATCH(1, ($P$2:$P$60=$A25) * ($Q$2:$Q$60=$B25), 0), MATCH(K$3, $P$1:$X$1, 0))} -> 0.80875754 | L25: {=INDEX($AA$2:$AC$60, MATCH(1, ($P$2:$P$60=$A25) * ($Q$2:$Q$60=$B25), 0), MATCH(I$3, $AA$1:$AC$1, 0))} -> TRUE | M25: {=INDEX($AA$2:$AC$60, MATCH(1, ($P$2:$P$60=$A25) * ($Q$2:$Q$60=$B25), 0), MATCH(J$3, $AA$1:$AC$1, 0))} -> TRUE | N25: {=INDEX($AA$2:$AC$60, MATCH(1, ($P$2:$P$60=$A25) * ($Q$2:$Q$60=$B25), 0), MATCH(K$3, $AA$1:$AC$1, 0))} -> FALSE | P25: M | Q25: APT | R25: =medium!M4 -> 0.020128 | S25: =medium!N4 -> 0.086502 | T25: =medium!O4 -> 4.858561 | U25: =medium!P4 -> 0.016421 | V25: =medium!Q4 -> 4.2975954 | W25: =medium!R4 -> 241.3832 | X25: =medium!S4 -> 0.8158287 | Y25: 4 | AA25: =medium!T27 -> TRUE | AB25: =medium!U27 -> TRUE | AC25: =medium!V27 -> FALSE | AJ25: Row Labels | AK25: scalasql
A26: M | B26: Data Flow | C26: 0.03MB | D26: {=IF(ISBLANK(INDEX($P$2:$Y$60, MATCH(1, ($P$2:$P$60=$A26) * ($Q$2:$Q$60=$B26), 0), MATCH(D$3, $P$1:$Y$1, 0))), "-", INDEX($P$2:$Y$60, MATCH(1, ($P$2:$P$60=$A26) * ($Q$2:$Q$60=$B26), 0), MATCH(D$3, $P$1:$Y$1, 0)))} -> 3 | E26: {=INDEX($P$2:$X$60, MATCH(1, ($P$2:$P$60=$A26) * ($Q$2:$Q$60=$B26), 0), MATCH(E$3, $P$1:$X$1, 0))} -> 17.674676 | F26: {=INDEX($P$2:$X$60, MATCH(1, ($P$2:$P$60=$A26) * ($Q$2:$Q$60=$B26), 0), MATCH(F$3, $P$1:$X$1, 0))} -> 0.058332 | G26: {=INDEX($P$2:$X$60, MATCH(1, ($P$2:$P$60=$A26) * ($Q$2:$Q$60=$B26), 0), MATCH(G$3, $P$1:$X$1, 0))} -> 0.009992 | H26: {=INDEX($P$2:$X$60, MATCH(1, ($P$2:$P$60=$A26) * ($Q$2:$Q$60=$B26), 0), MATCH(H$3, $P$1:$X$1, 0))} -> 0.008356 | I26: {=INDEX($P$2:$X$60, MATCH(1, ($P$2:$P$60=$A26) * ($Q$2:$Q$60=$B26), 0), MATCH(I$3, $P$1:$X$1, 0))} -> 5.8378703 | J26: {=INDEX($P$2:$X$60, MATCH(1, ($P$2:$P$60=$A26) * ($Q$2:$Q$60=$B26), 0), MATCH(J$3, $P$1:$X$1, 0))} -> 1768.8827 | K26: {=INDEX($P$2:$X$60, MATCH(1, ($P$2:$P$60=$A26) * ($Q$2:$Q$60=$B26), 0), MATCH(K$3, $P$1:$X$1, 0))} -> 0.83626902 | L26: {=INDEX($AA$2:$AC$60, MATCH(1, ($P$2:$P$60=$A26) * ($Q$2:$Q$60=$B26), 0), MATCH(I$3, $AA$1:$AC$1, 0))} -> TRUE | M26: {=INDEX($AA$2:$AC$60, MATCH(1, ($P$2:$P$60=$A26) * ($Q$2:$Q$60=$B26), 0), MATCH(J$3, $AA$1:$AC$1, 0))} -> TRUE | N26: {=INDEX($AA$2:$AC$60, MATCH(1, ($P$2:$P$60=$A26) * ($Q$2:$Q$60=$B26), 0), MATCH(K$3, $AA$1:$AC$1, 0))} -> FALSE | P26: M | Q26: ASPS | R26: =medium!M5 -> 0.047768 | S26: =medium!N5 -> 0.187528 | T26: =medium!O5 -> 33.197489 | U26: =medium!P5 -> 0.045341 | V26: =medium!Q5 -> 3.9258081 | W26: =medium!R5 -> 694.97339 | X26: =medium!S5 -> 0.94919193 | Y26: 3 | AA26: =medium!T28 -> TRUE | AB26: =medium!U28 -> TRUE | AC26: =medium!V28 -> FALSE | AJ26: ancestry | AK26: 15 | AL26: 15
A27: L | B27: Data Flow | C27: 0.05MB | D27: {=IF(ISBLANK(INDEX($P$2:$Y$60, MATCH(1, ($P$2:$P$60=$A27) * ($Q$2:$Q$60=$B27), 0), MATCH(D$3, $P$1:$Y$1, 0))), "-", INDEX($P$2:$Y$60, MATCH(1, ($P$2:$P$60=$A27) * ($Q$2:$Q$60=$B27), 0), MATCH(D$3, $P$1:$Y$1, 0)))} -> 5 | E27: {=INDEX($P$2:$X$60, MATCH(1, ($P$2:$P$60=$A27) * ($Q$2:$Q$60=$B27), 0), MATCH(E$3, $P$1:$X$1, 0))} -> 257.40468 | F27: {=INDEX($P$2:$X$60, MATCH(1, ($P$2:$P$60=$A27) * ($Q$2:$Q$60=$B27), 0), MATCH(F$3, $P$1:$X$1, 0))} -> 0.129119 | G27: {=INDEX($P$2:$X$60, MATCH(1, ($P$2:$P$60=$A27) * ($Q$2:$Q$60=$B27), 0), MATCH(G$3, $P$1:$X$1, 0))} -> 0.013561 | H27: {=INDEX($P$2:$X$60, MATCH(1, ($P$2:$P$60=$A27) * ($Q$2:$Q$60=$B27), 0), MATCH(H$3, $P$1:$X$1, 0))} -> 0.012593 | I27: {=INDEX($P$2:$X$60, MATCH(1, ($P$2:$P$60=$A27) * ($Q$2:$Q$60=$B27), 0), MATCH(I$3, $P$1:$X$1, 0))} -> 9.521348 | J27: {=INDEX($P$2:$X$60, MATCH(1, ($P$2:$P$60=$A27) * ($Q$2:$Q$60=$B27), 0), MATCH(J$3, $P$1:$X$1, 0))} -> 18981.246 | K27: {=INDEX($P$2:$X$60, MATCH(1, ($P$2:$P$60=$A27) * ($Q$2:$Q$60=$B27), 0), MATCH(K$3, $P$1:$X$1, 0))} -> 0.92861883 | L27: {=INDEX($AA$2:$AC$60, MATCH(1, ($P$2:$P$60=$A27) * ($Q$2:$Q$60=$B27), 0), MATCH(I$3, $AA$1:$AC$1, 0))} -> TRUE | M27: {=INDEX($AA$2:$AC$60, MATCH(1, ($P$2:$P$60=$A27) * ($Q$2:$Q$60=$B27), 0), MATCH(J$3, $AA$1:$AC$1, 0))} -> TRUE | N27: {=INDEX($AA$2:$AC$60, MATCH(1, ($P$2:$P$60=$A27) * ($Q$2:$Q$60=$B27), 0), MATCH(K$3, $AA$1:$AC$1, 0))} -> FALSE | P27: M | Q27: BOM | R27: =medium!M6 -> 0.08324 | S27: =medium!N6 -> 0.564976 | T27: =medium!O6 -> 139.44781 | U27: =medium!P6 -> 0.075222 | V27: =medium!Q6 -> 6.7873138 | W27: =medium!R6 -> 1675.25 | X27: =medium!S6 -> 0.90367612 | Y27: 5 | AA27: =medium!T29 -> TRUE | AB27: =medium!U29 -> TRUE | AC27: =medium!V29 -> FALSE | AJ27: andersens | AK27: 9 | AL27: 9
A28: S | B28: Even-Odd | C28: 0.01MB | D28: {=IF(ISBLANK(INDEX($P$2:$Y$60, MATCH(1, ($P$2:$P$60=$A28) * ($Q$2:$Q$60=$B28), 0), MATCH(D$3, $P$1:$Y$1, 0))), "", INDEX($P$2:$Y$60, MATCH(1, ($P$2:$P$60=$A28) * ($Q$2:$Q$60=$B28), 0), MATCH(D$3, $P$1:$Y$1, 0)))} -> 17 | E28: {=INDEX($P$2:$X$60, MATCH(1, ($P$2:$P$60=$A28) * ($Q$2:$Q$60=$B28), 0), MATCH(E$3, $P$1:$X$1, 0))} -> 0.004072 | F28: {=INDEX($P$2:$X$60, MATCH(1, ($P$2:$P$60=$A28) * ($Q$2:$Q$60=$B28), 0), MATCH(F$3, $P$1:$X$1, 0))} -> 0.327469 | G28: {=INDEX($P$2:$X$60, MATCH(1, ($P$2:$P$60=$A28) * ($Q$2:$Q$60=$B28), 0), MATCH(G$3, $P$1:$X$1, 0))} -> 0.013899 | H28: {=INDEX($P$2:$X$60, MATCH(1, ($P$2:$P$60=$A28) * ($Q$2:$Q$60=$B28), 0), MATCH(H$3, $P$1:$X$1, 0))} -> 0.008555 | I28: {=INDEX($P$2:$X$60, MATCH(1, ($P$2:$P$60=$A28) * ($Q$2:$Q$60=$B28), 0), MATCH(I$3, $P$1:$X$1, 0))} -> 23.560616 | J28: {=INDEX($P$2:$X$60, MATCH(1, ($P$2:$P$60=$A28) * ($Q$2:$Q$60=$B28), 0), MATCH(J$3, $P$1:$X$1, 0))} -> 0.29297072 | K28: {=INDEX($P$2:$X$60, MATCH(1, ($P$2:$P$60=$A28) * ($Q$2:$Q$60=$B28), 0), MATCH(K$3, $P$1:$X$1, 0))} -> 0.61551191 | L28: {=INDEX($AA$2:$AC$60, MATCH(1, ($P$2:$P$60=$A28) * ($Q$2:$Q$60=$B28), 0), MATCH(I$3, $AA$1:$AC$1, 0))} -> TRUE | M28: {=INDEX($AA$2:$AC$60, MATCH(1, ($P$2:$P$60=$A28) * ($Q$2:$Q$60=$B28), 0), MATCH(J$3, $AA$1:$AC$1, 0))} -> TRUE | N28: {=INDEX($AA$2:$AC$60, MATCH(1, ($P$2:$P$60=$A28) * ($Q$2:$Q$60=$B28), 0), MATCH(K$3, $AA$1:$AC$1, 0))} -> FALSE | P28: M | Q28: CBA | R28: =medium!M7 -> 0.01988 | S28: =medium!N7 -> 0.054289 | T28: =medium!O7 -> #N/A | U28: =medium!P7 -> 0.016523 | V28: =medium!Q7 -> 2.730835 | W28: =medium!R7 -> DNF | X28: =medium!S7 -> 0.83113682 | Y28: 1 | AA28: =medium!T30 -> TRUE | AB28: =medium!U30 -> TRUE | AC28: =medium!V30 -> FALSE | AJ28: asps | AK28: 3 | AL28: 3
A29: M | B29: Even-Odd | C29: 1MB | D29: {=IF(ISBLANK(INDEX($P$2:$Y$60, MATCH(1, ($P$2:$P$60=$A29) * ($Q$2:$Q$60=$B29), 0), MATCH(D$3, $P$1:$Y$1, 0))), "-", INDEX($P$2:$Y$60, MATCH(1, ($P$2:$P$60=$A29) * ($Q$2:$Q$60=$B29), 0), MATCH(D$3, $P$1:$Y$1, 0)))} -> - | E29: {=INDEX($P$2:$X$60, MATCH(1, ($P$2:$P$60=$A29) * ($Q$2:$Q$60=$B29), 0), MATCH(E$3, $P$1:$X$1, 0))} -> #N/A | F29: {=INDEX($P$2:$X$60, MATCH(1, ($P$2:$P$60=$A29) * ($Q$2:$Q$60=$B29), 0), MATCH(F$3, $P$1:$X$1, 0))} -> #N/A | G29: {=INDEX($P$2:$X$60, MATCH(1, ($P$2:$P$60=$A29) * ($Q$2:$Q$60=$B29), 0), MATCH(G$3, $P$1:$X$1, 0))} -> 181.48792 | H29: {=INDEX($P$2:$X$60, MATCH(1, ($P$2:$P$60=$A29) * ($Q$2:$Q$60=$B29), 0), MATCH(H$3, $P$1:$X$1, 0))} -> 178.27417 | I29: {=INDEX($P$2:$X$60, MATCH(1, ($P$2:$P$60=$A29) * ($Q$2:$Q$60=$B29), 0), MATCH(I$3, $P$1:$X$1, 0))} -> DNF | J29: {=INDEX($P$2:$X$60, MATCH(1, ($P$2:$P$60=$A29) * ($Q$2:$Q$60=$B29), 0), MATCH(J$3, $P$1:$X$1, 0))} -> DNF | K29: {=INDEX($P$2:$X$60, MATCH(1, ($P$2:$P$60=$A29) * ($Q$2:$Q$60=$B29), 0), MATCH(K$3, $P$1:$X$1, 0))} -> 0.98229222 | L29: {=INDEX($AA$2:$AC$60, MATCH(1, ($P$2:$P$60=$A29) * ($Q$2:$Q$60=$B29), 0), MATCH(I$3, $AA$1:$AC$1, 0))} -> TRUE | M29: {=INDEX($AA$2:$AC$60, MATCH(1, ($P$2:$P$60=$A29) * ($Q$2:$Q$60=$B29), 0), MATCH(J$3, $AA$1:$AC$1, 0))} -> TRUE | N29: {=INDEX($AA$2:$AC$60, MATCH(1, ($P$2:$P$60=$A29) * ($Q$2:$Q$60=$B29), 0), MATCH(K$3, $AA$1:$AC$1, 0))} -> FALSE | P29: M | Q29: CC | R29: =medium!M8 -> 0.295005 | S29: =medium!N8 -> 0.7659 | T29: =medium!O8 -> 13.838817 | U29: =medium!P8 -> 0.299997 | V29: =medium!Q8 -> 2.5962272 | W29: =medium!R8 -> 46.910449 | X29: =medium!S8 -> 1.0169217 | Y29: 3 | AA29: =medium!T31 -> TRUE | AB29: =medium!U31 -> TRUE | AC29: =medium!V31 -> FALSE | AJ29: bom | AK29: 5 | AL29: 5
A30: L | B30: Even-Odd | C30: 2MB | D30: {=IF(ISBLANK(INDEX($P$2:$Y$60, MATCH(1, ($P$2:$P$60=$A30) * ($Q$2:$Q$60=$B30), 0), MATCH(D$3, $P$1:$Y$1, 0))), "-", INDEX($P$2:$Y$60, MATCH(1, ($P$2:$P$60=$A30) * ($Q$2:$Q$60=$B30), 0), MATCH(D$3, $P$1:$Y$1, 0)))} -> - | E30: {=INDEX($P$2:$X$60, MATCH(1, ($P$2:$P$60=$A30) * ($Q$2:$Q$60=$B30), 0), MATCH(E$3, $P$1:$X$1, 0))} -> #N/A | F30: {=INDEX($P$2:$X$60, MATCH(1, ($P$2:$P$60=$A30) * ($Q$2:$Q$60=$B30), 0), MATCH(F$3, $P$1:$X$1, 0))} -> #N/A | G30: {=INDEX($P$2:$X$60, MATCH(1, ($P$2:$P$60=$A30) * ($Q$2:$Q$60=$B30), 0), MATCH(G$3, $P$1:$X$1, 0))} -> 450.07722 | H30: {=INDEX($P$2:$X$60, MATCH(1, ($P$2:$P$60=$A30) * ($Q$2:$Q$60=$B30), 0), MATCH(H$3, $P$1:$X$1, 0))} -> 454.28804 | I30: {=INDEX($P$2:$X$60, MATCH(1, ($P$2:$P$60=$A30) * ($Q$2:$Q$60=$B30), 0), MATCH(I$3, $P$1:$X$1, 0))} -> DNF | J30: {=INDEX($P$2:$X$60, MATCH(1, ($P$2:$P$60=$A30) * ($Q$2:$Q$60=$B30), 0), MATCH(J$3, $P$1:$X$1, 0))} -> DNF | K30: {=INDEX($P$2:$X$60, MATCH(1, ($P$2:$P$60=$A30) * ($Q$2:$Q$60=$B30), 0), MATCH(K$3, $P$1:$X$1, 0))} -> 1.0093558 | L30: {=INDEX($AA$2:$AC$60, MATCH(1, ($P$2:$P$60=$A30) * ($Q$2:$Q$60=$B30), 0), MATCH(I$3, $AA$1:$AC$1, 0))} -> TRUE | M30: {=INDEX($AA$2:$AC$60, MATCH(1, ($P$2:$P$60=$A30) * ($Q$2:$Q$60=$B30), 0), MATCH(J$3, $AA$1:$AC$1, 0))} -> TRUE | N30: {=INDEX($AA$2:$AC$60, MATCH(1, ($P$2:$P$60=$A30) * ($Q$2:$Q$60=$B30), 0), MATCH(K$3, $AA$1:$AC$1, 0))} -> FALSE | P30: M | Q30: CSPA | R30: =medium!M9 -> 1.06881 | S30: =medium!N9 -> 5.711531 | T30: =medium!O9 -> #N/A | U30: =medium!P9 -> 1.109318 | V30: =medium!Q9 -> 5.3438226 | W30: =medium!R9 -> DNF | X30: =medium!S9 -> 1.0379001 | Y30: 11 | AA30: =medium!T32 -> TRUE | AB30: =medium!U32 -> TRUE | AC30: =medium!V32 -> FALSE | AJ30: cba | AK30: 1 | AL30: 1
A31: S | B31: JPT | C31: 0.02MB | D31: {=IF(ISBLANK(INDEX($P$2:$Y$60, MATCH(1, ($P$2:$P$60=$A31) * ($Q$2:$Q$60=$B31), 0), MATCH(D$3, $P$1:$Y$1, 0))), "", INDEX($P$2:$Y$60, MATCH(1, ($P$2:$P$60=$A31) * ($Q$2:$Q$60=$B31), 0), MATCH(D$3, $P$1:$Y$1, 0)))} -> 3 | E31: {=INDEX($P$2:$X$60, MATCH(1, ($P$2:$P$60=$A31) * ($Q$2:$Q$60=$B31), 0), MATCH(E$3, $P$1:$X$1, 0))} -> 0.002519 | F31: {=INDEX($P$2:$X$60, MATCH(1, ($P$2:$P$60=$A31) * ($Q$2:$Q$60=$B31), 0), MATCH(F$3, $P$1:$X$1, 0))} -> 0.076816 | G31: {=INDEX($P$2:$X$60, MATCH(1, ($P$2:$P$60=$A31) * ($Q$2:$Q$60=$B31), 0), MATCH(G$3, $P$1:$X$1, 0))} -> 0.014302 | H31: {=INDEX($P$2:$X$60, MATCH(1, ($P$2:$P$60=$A31) * ($Q$2:$Q$60=$B31), 0), MATCH(H$3, $P$1:$X$1, 0))} -> 0.012098 | I31: {=INDEX($P$2:$X$60, MATCH(1, ($P$2:$P$60=$A31) * ($Q$2:$Q$60=$B31), 0), MATCH(I$3, $P$1:$X$1, 0))} -> 5.3709971 | J31: {=INDEX($P$2:$X$60, MATCH(1, ($P$2:$P$60=$A31) * ($Q$2:$Q$60=$B31), 0), MATCH(J$3, $P$1:$X$1, 0))} -> 0.17612921 | K31: {=INDEX($P$2:$X$60, MATCH(1, ($P$2:$P$60=$A31) * ($Q$2:$Q$60=$B31), 0), MATCH(K$3, $P$1:$X$1, 0))} -> 0.84589568 | L31: {=INDEX($AA$2:$AC$60, MATCH(1, ($P$2:$P$60=$A31) * ($Q$2:$Q$60=$B31), 0), MATCH(I$3, $AA$1:$AC$1, 0))} -> TRUE | M31: {=INDEX($AA$2:$AC$60, MATCH(1, ($P$2:$P$60=$A31) * ($Q$2:$Q$60=$B31), 0), MATCH(J$3, $AA$1:$AC$1, 0))} -> TRUE | N31: {=INDEX($AA$2:$AC$60, MATCH(1, ($P$2:$P$60=$A31) * ($Q$2:$Q$60=$B31), 0), MATCH(K$3, $AA$1:$AC$1, 0))} -> FALSE | P31: M | Q31: Data Flow | R31: =medium!M10 -> 0.009992 | S31: =medium!N10 -> 0.058332 | T31: =medium!O10 -> 17.674676 | U31: =medium!P10 -> 0.008356 | V31: =medium!Q10 -> 5.8378703 | W31: =medium!R10 -> 1768.8827 | X31: =medium!S10 -> 0.83626902 | Y31: 3 | AA31: =medium!T33 -> TRUE | AB31: =medium!U33 -> TRUE | AC31: =medium!V33 -> FALSE | AJ31: cc | AK31: 3 | AL31: 3
A32: M | B32: JPT | C32: 0.05MB | D32: {=IF(ISBLANK(INDEX($P$2:$Y$60, MATCH(1, ($P$2:$P$60=$A32) * ($Q$2:$Q$60=$B32), 0), MATCH(D$3, $P$1:$Y$1, 0))), "-", INDEX($P$2:$Y$60, MATCH(1, ($P$2:$P$60=$A32) * ($Q$2:$Q$60=$B32), 0), MATCH(D$3, $P$1:$Y$1, 0)))} -> 16 | E32: {=INDEX($P$2:$X$60, MATCH(1, ($P$2:$P$60=$A32) * ($Q$2:$Q$60=$B32), 0), MATCH(E$3, $P$1:$X$1, 0))} -> #N/A | F32: {=INDEX($P$2:$X$60, MATCH(1, ($P$2:$P$60=$A32) * ($Q$2:$Q$60=$B32), 0), MATCH(F$3, $P$1:$X$1, 0))} -> 0.834537 | G32: {=INDEX($P$2:$X$60, MATCH(1, ($P$2:$P$60=$A32) * ($Q$2:$Q$60=$B32), 0), MATCH(G$3, $P$1:$X$1, 0))} -> 0.054668 | H32: {=INDEX($P$2:$X$60, MATCH(1, ($P$2:$P$60=$A32) * ($Q$2:$Q$60=$B32), 0), MATCH(H$3, $P$1:$X$1, 0))} -> 0.052683 | I32: {=INDEX($P$2:$X$60, MATCH(1, ($P$2:$P$60=$A32) * ($Q$2:$Q$60=$B32), 0), MATCH(I$3, $P$1:$X$1, 0))} -> 15.265548 | J32: {=INDEX($P$2:$X$60, MATCH(1, ($P$2:$P$60=$A32) * ($Q$2:$Q$60=$B32), 0), MATCH(J$3, $P$1:$X$1, 0))} -> DNF | K32: {=INDEX($P$2:$X$60, MATCH(1, ($P$2:$P$60=$A32) * ($Q$2:$Q$60=$B32), 0), MATCH(K$3, $P$1:$X$1, 0))} -> 0.96368991 | L32: {=INDEX($AA$2:$AC$60, MATCH(1, ($P$2:$P$60=$A32) * ($Q$2:$Q$60=$B32), 0), MATCH(I$3, $AA$1:$AC$1, 0))} -> TRUE | M32: {=INDEX($AA$2:$AC$60, MATCH(1, ($P$2:$P$60=$A32) * ($Q$2:$Q$60=$B32), 0), MATCH(J$3, $AA$1:$AC$1, 0))} -> TRUE | N32: {=INDEX($AA$2:$AC$60, MATCH(1, ($P$2:$P$60=$A32) * ($Q$2:$Q$60=$B32), 0), MATCH(K$3, $AA$1:$AC$1, 0))} -> FALSE | P32: M | Q32: Even-Odd | R32: =medium!M11 -> 181.48792 | S32: =medium!N11 -> #N/A | T32: =medium!O11 -> #N/A | U32: =medium!P11 -> 178.27417 | V32: =medium!Q11 -> DNF | W32: =medium!R11 -> DNF | X32: =medium!S11 -> 0.98229222 | AA32: =medium!T34 -> TRUE | AB32: =medium!U34 -> TRUE | AC32: =medium!V34 -> FALSE | AJ32: cspa | AK32: 11 | AL32: 11
A33: L | B33: JPT | C33: 0.1MB | D33: {=IF(ISBLANK(INDEX($P$2:$Y$60, MATCH(1, ($P$2:$P$60=$A33) * ($Q$2:$Q$60=$B33), 0), MATCH(D$3, $P$1:$Y$1, 0))), "-", INDEX($P$2:$Y$60, MATCH(1, ($P$2:$P$60=$A33) * ($Q$2:$Q$60=$B33), 0), MATCH(D$3, $P$1:$Y$1, 0)))} -> - | E33: {=INDEX($P$2:$X$60, MATCH(1, ($P$2:$P$60=$A33) * ($Q$2:$Q$60=$B33), 0), MATCH(E$3, $P$1:$X$1, 0))} -> #N/A | F33: {=INDEX($P$2:$X$60, MATCH(1, ($P$2:$P$60=$A33) * ($Q$2:$Q$60=$B33), 0), MATCH(F$3, $P$1:$X$1, 0))} -> #N/A | G33: {=INDEX($P$2:$X$60, MATCH(1, ($P$2:$P$60=$A33) * ($Q$2:$Q$60=$B33), 0), MATCH(G$3, $P$1:$X$1, 0))} -> 0.510478 | H33: {=INDEX($P$2:$X$60, MATCH(1, ($P$2:$P$60=$A33) * ($Q$2:$Q$60=$B33), 0), MATCH(H$3, $P$1:$X$1, 0))} -> 0.492889 | I33: {=INDEX($P$2:$X$60, MATCH(1, ($P$2:$P$60=$A33) * ($Q$2:$Q$60=$B33), 0), MATCH(I$3, $P$1:$X$1, 0))} -> DNF | J33: {=INDEX($P$2:$X$60, MATCH(1, ($P$2:$P$60=$A33) * ($Q$2:$Q$60=$B33), 0), MATCH(J$3, $P$1:$X$1, 0))} -> DNF | K33: {=INDEX($P$2:$X$60, MATCH(1, ($P$2:$P$60=$A33) * ($Q$2:$Q$60=$B33), 0), MATCH(K$3, $P$1:$X$1, 0))} -> 0.96554406 | L33: {=INDEX($AA$2:$AC$60, MATCH(1, ($P$2:$P$60=$A33) * ($Q$2:$Q$60=$B33), 0), MATCH(I$3, $AA$1:$AC$1, 0))} -> TRUE | M33: {=INDEX($AA$2:$AC$60, MATCH(1, ($P$2:$P$60=$A33) * ($Q$2:$Q$60=$B33), 0), MATCH(J$3, $AA$1:$AC$1, 0))} -> TRUE | N33: {=INDEX($AA$2:$AC$60, MATCH(1, ($P$2:$P$60=$A33) * ($Q$2:$Q$60=$B33), 0), MATCH(K$3, $AA$1:$AC$1, 0))} -> FALSE | P33: M | Q33: JPT | R33: =medium!M12 -> 0.054668 | S33: =medium!N12 -> 0.834537 | T33: =medium!O12 -> #N/A | U33: =medium!P12 -> 0.052683 | V33: =medium!Q12 -> 15.265548 | W33: =medium!R12 -> DNF | X33: =medium!S12 -> 0.96368991 | Y33: 16 | AA33: =medium!T35 -> TRUE | AB33: =medium!U35 -> TRUE | AC33: =medium!V35 -> FALSE | AJ33: dataflow | AK33: 5 | AL33: 5
A34: S | B34: Orbits | C34: 0.01MB | D34: {=IF(ISBLANK(INDEX($P$2:$Y$60, MATCH(1, ($P$2:$P$60=$A34) * ($Q$2:$Q$60=$B34), 0), MATCH(D$3, $P$1:$Y$1, 0))), "", INDEX($P$2:$Y$60, MATCH(1, ($P$2:$P$60=$A34) * ($Q$2:$Q$60=$B34), 0), MATCH(D$3, $P$1:$Y$1, 0)))} -> 2 | E34: {=INDEX($P$2:$X$60, MATCH(1, ($P$2:$P$60=$A34) * ($Q$2:$Q$60=$B34), 0), MATCH(E$3, $P$1:$X$1, 0))} -> 0.002048 | F34: {=INDEX($P$2:$X$60, MATCH(1, ($P$2:$P$60=$A34) * ($Q$2:$Q$60=$B34), 0), MATCH(F$3, $P$1:$X$1, 0))} -> 0.037601 | G34: {=INDEX($P$2:$X$60, MATCH(1, ($P$2:$P$60=$A34) * ($Q$2:$Q$60=$B34), 0), MATCH(G$3, $P$1:$X$1, 0))} -> 0.011875 | H34: {=INDEX($P$2:$X$60, MATCH(1, ($P$2:$P$60=$A34) * ($Q$2:$Q$60=$B34), 0), MATCH(H$3, $P$1:$X$1, 0))} -> 0.00955 | I34: {=INDEX($P$2:$X$60, MATCH(1, ($P$2:$P$60=$A34) * ($Q$2:$Q$60=$B34), 0), MATCH(I$3, $P$1:$X$1, 0))} -> 3.1664 | J34: {=INDEX($P$2:$X$60, MATCH(1, ($P$2:$P$60=$A34) * ($Q$2:$Q$60=$B34), 0), MATCH(J$3, $P$1:$X$1, 0))} -> 0.17246316 | K34: {=INDEX($P$2:$X$60, MATCH(1, ($P$2:$P$60=$A34) * ($Q$2:$Q$60=$B34), 0), MATCH(K$3, $P$1:$X$1, 0))} -> 0.80421053 | L34: {=INDEX($AA$2:$AC$60, MATCH(1, ($P$2:$P$60=$A34) * ($Q$2:$Q$60=$B34), 0), MATCH(I$3, $AA$1:$AC$1, 0))} -> TRUE | M34: {=INDEX($AA$2:$AC$60, MATCH(1, ($P$2:$P$60=$A34) * ($Q$2:$Q$60=$B34), 0), MATCH(J$3, $AA$1:$AC$1, 0))} -> FALSE | N34: {=INDEX($AA$2:$AC$60, MATCH(1, ($P$2:$P$60=$A34) * ($Q$2:$Q$60=$B34), 0), MATCH(K$3, $AA$1:$AC$1, 0))} -> FALSE | P34: M | Q34: Orbits | R34: =medium!M13 -> 0.076638 | S34: =medium!N13 -> 0.391855 | T34: =medium!O13 -> #N/A | U34: =medium!P13 -> 0.074972 | V34: =medium!Q13 -> 5.113064 | W34: =medium!R13 -> DNF | X34: =medium!S13 -> 0.97826144 | Y34: 2 | AA34: =medium!T36 -> TRUE | AB34: =medium!U36 -> TRUE | AC34: =medium!V36 -> FALSE | AJ34: javapointsto | AK34: 16 | AL34: 16
A35: M | B35: Orbits | C35: 1MB | D35: {=IF(ISBLANK(INDEX($P$2:$Y$60, MATCH(1, ($P$2:$P$60=$A35) * ($Q$2:$Q$60=$B35), 0), MATCH(D$3, $P$1:$Y$1, 0))), "-", INDEX($P$2:$Y$60, MATCH(1, ($P$2:$P$60=$A35) * ($Q$2:$Q$60=$B35), 0), MATCH(D$3, $P$1:$Y$1, 0)))} -> 2 | E35: {=INDEX($P$2:$X$60, MATCH(1, ($P$2:$P$60=$A35) * ($Q$2:$Q$60=$B35), 0), MATCH(E$3, $P$1:$X$1, 0))} -> #N/A | F35: {=INDEX($P$2:$X$60, MATCH(1, ($P$2:$P$60=$A35) * ($Q$2:$Q$60=$B35), 0), MATCH(F$3, $P$1:$X$1, 0))} -> 0.391855 | G35: {=INDEX($P$2:$X$60, MATCH(1, ($P$2:$P$60=$A35) * ($Q$2:$Q$60=$B35), 0), MATCH(G$3, $P$1:$X$1, 0))} -> 0.076638 | H35: {=INDEX($P$2:$X$60, MATCH(1, ($P$2:$P$60=$A35) * ($Q$2:$Q$60=$B35), 0), MATCH(H$3, $P$1:$X$1, 0))} -> 0.074972 | I35: {=INDEX($P$2:$X$60, MATCH(1, ($P$2:$P$60=$A35) * ($Q$2:$Q$60=$B35), 0), MATCH(I$3, $P$1:$X$1, 0))} -> 5.113064 | J35: {=INDEX($P$2:$X$60, MATCH(1, ($P$2:$P$60=$A35) * ($Q$2:$Q$60=$B35), 0), MATCH(J$3, $P$1:$X$1, 0))} -> DNF | K35: {=INDEX($P$2:$X$60, MATCH(1, ($P$2:$P$60=$A35) * ($Q$2:$Q$60=$B35), 0), MATCH(K$3, $P$1:$X$1, 0))} -> 0.97826144 | L35: {=INDEX($AA$2:$AC$60, MATCH(1, ($P$2:$P$60=$A35) * ($Q$2:$Q$60=$B35), 0), MATCH(I$3, $AA$1:$AC$1, 0))} -> TRUE | M35: {=INDEX($AA$2:$AC$60, MATCH(1, ($P$2:$P$60=$A35) * ($Q$2:$Q$60=$B35), 0), MATCH(J$3, $AA$1:$AC$1, 0))} -> TRUE | N35: {=INDEX($AA$2:$AC$60, MATCH(1, ($P$2:$P$60=$A35) * ($Q$2:$Q$60=$B35), 0), MATCH(K$3, $AA$1:$AC$1, 0))} -> FALSE | P35: M | Q35: Party | R35: =medium!M14 -> 0.093256 | S35: =medium!N14 -> 0.953685 | T35: =medium!O14 -> #N/A | U35: =medium!P14 -> 0.08861 | V35: =medium!Q14 -> 10.226527 | W35: =medium!R14 -> DNF | X35: =medium!S14 -> 0.95018015 | Y35: 5 | AA35: =medium!T37 -> TRUE | AB35: =medium!U37 -> TRUE | AC35: =medium!V37 -> FALSE | AJ35: orbits | AK35: 2 | AL35: 2
A36: L | B36: Orbits | C36: 10MB | D36: {=IF(ISBLANK(INDEX($P$2:$Y$60, MATCH(1, ($P$2:$P$60=$A36) * ($Q$2:$Q$60=$B36), 0), MATCH(D$3, $P$1:$Y$1, 0))), "-", INDEX($P$2:$Y$60, MATCH(1, ($P$2:$P$60=$A36) * ($Q$2:$Q$60=$B36), 0), MATCH(D$3, $P$1:$Y$1, 0)))} -> 2 | E36: {=INDEX($P$2:$X$60, MATCH(1, ($P$2:$P$60=$A36) * ($Q$2:$Q$60=$B36), 0), MATCH(E$3, $P$1:$X$1, 0))} -> #N/A | F36: {=INDEX($P$2:$X$60, MATCH(1, ($P$2:$P$60=$A36) * ($Q$2:$Q$60=$B36), 0), MATCH(F$3, $P$1:$X$1, 0))} -> 0.743851 | G36: {=INDEX($P$2:$X$60, MATCH(1, ($P$2:$P$60=$A36) * ($Q$2:$Q$60=$B36), 0), MATCH(G$3, $P$1:$X$1, 0))} -> 0.432339 | H36: {=INDEX($P$2:$X$60, MATCH(1, ($P$2:$P$60=$A36) * ($Q$2:$Q$60=$B36), 0), MATCH(H$3, $P$1:$X$1, 0))} -> 0.383016 | I36: {=INDEX($P$2:$X$60, MATCH(1, ($P$2:$P$60=$A36) * ($Q$2:$Q$60=$B36), 0), MATCH(I$3, $P$1:$X$1, 0))} -> 1.7205272 | J36: {=INDEX($P$2:$X$60, MATCH(1, ($P$2:$P$60=$A36) * ($Q$2:$Q$60=$B36), 0), MATCH(J$3, $P$1:$X$1, 0))} -> DNF | K36: {=INDEX($P$2:$X$60, MATCH(1, ($P$2:$P$60=$A36) * ($Q$2:$Q$60=$B36), 0), MATCH(K$3, $P$1:$X$1, 0))} -> 0.88591591 | L36: {=INDEX($AA$2:$AC$60, MATCH(1, ($P$2:$P$60=$A36) * ($Q$2:$Q$60=$B36), 0), MATCH(I$3, $AA$1:$AC$1, 0))} -> TRUE | M36: {=INDEX($AA$2:$AC$60, MATCH(1, ($P$2:$P$60=$A36) * ($Q$2:$Q$60=$B36), 0), MATCH(J$3, $AA$1:$AC$1, 0))} -> TRUE | N36: {=INDEX($AA$2:$AC$60, MATCH(1, ($P$2:$P$60=$A36) * ($Q$2:$Q$60=$B36), 0), MATCH(K$3, $AA$1:$AC$1, 0))} -> FALSE | P36: M | Q36: PTC | R36: =medium!M15 -> 0.052132 | S36: =medium!N15 -> 0.840979 | T36: =medium!O15 -> #N/A | U36: =medium!P15 -> 0.047639 | V36: =medium!Q15 -> 16.131723 | W36: =medium!R15 -> DNF | X36: =medium!S15 -> 0.91381493 | Y36: 16 | AA36: =medium!T38 -> TRUE | AB36: =medium!U38 -> TRUE | AC36: =medium!V38 -> FALSE | AJ36: party | AK36: 5 | AL36: 5
A37: S | B37: Party | C37: 0.01MB | D37: {=IF(ISBLANK(INDEX($P$2:$Y$60, MATCH(1, ($P$2:$P$60=$A37) * ($Q$2:$Q$60=$B37), 0), MATCH(D$3, $P$1:$Y$1, 0))), "", INDEX($P$2:$Y$60, MATCH(1, ($P$2:$P$60=$A37) * ($Q$2:$Q$60=$B37), 0), MATCH(D$3, $P$1:$Y$1, 0)))} -> 5 | E37: {=INDEX($P$2:$X$60, MATCH(1, ($P$2:$P$60=$A37) * ($Q$2:$Q$60=$B37), 0), MATCH(E$3, $P$1:$X$1, 0))} -> 0.003742 | F37: {=INDEX($P$2:$X$60, MATCH(1, ($P$2:$P$60=$A37) * ($Q$2:$Q$60=$B37), 0), MATCH(F$3, $P$1:$X$1, 0))} -> 0.098845 | G37: {=INDEX($P$2:$X$60, MATCH(1, ($P$2:$P$60=$A37) * ($Q$2:$Q$60=$B37), 0), MATCH(G$3, $P$1:$X$1, 0))} -> 0.011764 | H37: {=INDEX($P$2:$X$60, MATCH(1, ($P$2:$P$60=$A37) * ($Q$2:$Q$60=$B37), 0), MATCH(H$3, $P$1:$X$1, 0))} -> 0.009801 | I37: {=INDEX($P$2:$X$60, MATCH(1, ($P$2:$P$60=$A37) * ($Q$2:$Q$60=$B37), 0), MATCH(I$3, $P$1:$X$1, 0))} -> 8.4023291 | J37: {=INDEX($P$2:$X$60, MATCH(1, ($P$2:$P$60=$A37) * ($Q$2:$Q$60=$B37), 0), MATCH(J$3, $P$1:$X$1, 0))} -> 0.31808909 | K37: {=INDEX($P$2:$X$60, MATCH(1, ($P$2:$P$60=$A37) * ($Q$2:$Q$60=$B37), 0), MATCH(K$3, $P$1:$X$1, 0))} -> 0.83313499 | L37: {=INDEX($AA$2:$AC$60, MATCH(1, ($P$2:$P$60=$A37) * ($Q$2:$Q$60=$B37), 0), MATCH(I$3, $AA$1:$AC$1, 0))} -> TRUE | M37: {=INDEX($AA$2:$AC$60, MATCH(1, ($P$2:$P$60=$A37) * ($Q$2:$Q$60=$B37), 0), MATCH(J$3, $AA$1:$AC$1, 0))} -> FALSE | N37: {=INDEX($AA$2:$AC$60, MATCH(1, ($P$2:$P$60=$A37) * ($Q$2:$Q$60=$B37), 0), MATCH(K$3, $AA$1:$AC$1, 0))} -> FALSE | P37: M | Q37: SSSP | R37: =medium!M16 -> 0.026469 | S37: =medium!N16 -> 0.152309 | T37: =medium!O16 -> 0.578081 | U37: =medium!P16 -> 0.025665 | V37: =medium!Q16 -> 5.7542408 | W37: =medium!R16 -> 21.839926 | X37: =medium!S16 -> 0.96962484 | Y37: 9 | AA37: =medium!T39 -> TRUE | AB37: =medium!U39 -> TRUE | AC37: =medium!V39 -> FALSE | AJ37: pointstocount | AK37: 16 | AL37: 16
A38: M | B38: Party | C38: 2MB | D38: {=IF(ISBLANK(INDEX($P$2:$Y$60, MATCH(1, ($P$2:$P$60=$A38) * ($Q$2:$Q$60=$B38), 0), MATCH(D$3, $P$1:$Y$1, 0))), "-", INDEX($P$2:$Y$60, MATCH(1, ($P$2:$P$60=$A38) * ($Q$2:$Q$60=$B38), 0), MATCH(D$3, $P$1:$Y$1, 0)))} -> 5 | E38: {=INDEX($P$2:$X$60, MATCH(1, ($P$2:$P$60=$A38) * ($Q$2:$Q$60=$B38), 0), MATCH(E$3, $P$1:$X$1, 0))} -> #N/A | F38: {=INDEX($P$2:$X$60, MATCH(1, ($P$2:$P$60=$A38) * ($Q$2:$Q$60=$B38), 0), MATCH(F$3, $P$1:$X$1, 0))} -> 0.953685 | G38: {=INDEX($P$2:$X$60, MATCH(1, ($P$2:$P$60=$A38) * ($Q$2:$Q$60=$B38), 0), MATCH(G$3, $P$1:$X$1, 0))} -> 0.093256 | H38: {=INDEX($P$2:$X$60, MATCH(1, ($P$2:$P$60=$A38) * ($Q$2:$Q$60=$B38), 0), MATCH(H$3, $P$1:$X$1, 0))} -> 0.08861 | I38: {=INDEX($P$2:$X$60, MATCH(1, ($P$2:$P$60=$A38) * ($Q$2:$Q$60=$B38), 0), MATCH(I$3, $P$1:$X$1, 0))} -> 10.226527 | J38: {=INDEX($P$2:$X$60, MATCH(1, ($P$2:$P$60=$A38) * ($Q$2:$Q$60=$B38), 0), MATCH(J$3, $P$1:$X$1, 0))} -> DNF | K38: {=INDEX($P$2:$X$60, MATCH(1, ($P$2:$P$60=$A38) * ($Q$2:$Q$60=$B38), 0), MATCH(K$3, $P$1:$X$1, 0))} -> 0.95018015 | L38: {=INDEX($AA$2:$AC$60, MATCH(1, ($P$2:$P$60=$A38) * ($Q$2:$Q$60=$B38), 0), MATCH(I$3, $AA$1:$AC$1, 0))} -> TRUE | M38: {=INDEX($AA$2:$AC$60, MATCH(1, ($P$2:$P$60=$A38) * ($Q$2:$Q$60=$B38), 0), MATCH(J$3, $AA$1:$AC$1, 0))} -> TRUE | N38: {=INDEX($AA$2:$AC$60, MATCH(1, ($P$2:$P$60=$A38) * ($Q$2:$Q$60=$B38), 0), MATCH(K$3, $AA$1:$AC$1, 0))} -> FALSE | P38: M | Q38: TC | R38: =medium!M17 -> 0.020929 | S38: =medium!N17 -> 0.079343 | T38: =medium!O17 -> 0.332675 | U38: =medium!P17 -> 0.017424 | V38: =medium!Q17 -> 3.7910555 | W38: =medium!R17 -> 15.895408 | X38: =medium!S17 -> 0.83252903 | Y38: 5 | AA38: =medium!T40 -> TRUE | AB38: =medium!U40 -> TRUE | AC38: =medium!V40 -> FALSE | AJ38: sssp | AK38: 9 | AL38: 9
A39: L | B39: Party | C39: 20MB | D39: {=IF(ISBLANK(INDEX($P$2:$Y$60, MATCH(1, ($P$2:$P$60=$A39) * ($Q$2:$Q$60=$B39), 0), MATCH(D$3, $P$1:$Y$1, 0))), "-", INDEX($P$2:$Y$60, MATCH(1, ($P$2:$P$60=$A39) * ($Q$2:$Q$60=$B39), 0), MATCH(D$3, $P$1:$Y$1, 0)))} -> 7 | E39: {=INDEX($P$2:$X$60, MATCH(1, ($P$2:$P$60=$A39) * ($Q$2:$Q$60=$B39), 0), MATCH(E$3, $P$1:$X$1, 0))} -> #N/A | F39: {=INDEX($P$2:$X$60, MATCH(1, ($P$2:$P$60=$A39) * ($Q$2:$Q$60=$B39), 0), MATCH(F$3, $P$1:$X$1, 0))} -> 4.795818 | G39: {=INDEX($P$2:$X$60, MATCH(1, ($P$2:$P$60=$A39) * ($Q$2:$Q$60=$B39), 0), MATCH(G$3, $P$1:$X$1, 0))} -> 0.857735 | H39: {=INDEX($P$2:$X$60, MATCH(1, ($P$2:$P$60=$A39) * ($Q$2:$Q$60=$B39), 0), MATCH(H$3, $P$1:$X$1, 0))} -> 0.873241 | I39: {=INDEX($P$2:$X$60, MATCH(1, ($P$2:$P$60=$A39) * ($Q$2:$Q$60=$B39), 0), MATCH(I$3, $P$1:$X$1, 0))} -> 5.5912584 | J39: {=INDEX($P$2:$X$60, MATCH(1, ($P$2:$P$60=$A39) * ($Q$2:$Q$60=$B39), 0), MATCH(J$3, $P$1:$X$1, 0))} -> DNF | K39: {=INDEX($P$2:$X$60, MATCH(1, ($P$2:$P$60=$A39) * ($Q$2:$Q$60=$B39), 0), MATCH(K$3, $P$1:$X$1, 0))} -> 1.0180778 | L39: {=INDEX($AA$2:$AC$60, MATCH(1, ($P$2:$P$60=$A39) * ($Q$2:$Q$60=$B39), 0), MATCH(I$3, $AA$1:$AC$1, 0))} -> TRUE | M39: {=INDEX($AA$2:$AC$60, MATCH(1, ($P$2:$P$60=$A39) * ($Q$2:$Q$60=$B39), 0), MATCH(J$3, $AA$1:$AC$1, 0))} -> TRUE | N39: {=INDEX($AA$2:$AC$60, MATCH(1, ($P$2:$P$60=$A39) * ($Q$2:$Q$60=$B39), 0), MATCH(K$3, $AA$1:$AC$1, 0))} -> FALSE | P39: M | Q39: COT | R39: =medium!M18 -> 0.124113 | S39: =medium!N18 -> 2.610661 | T39: =medium!O18 -> #N/A | U39: =medium!P18 -> 0.123728 | V39: =medium!Q18 -> 21.034549 | W39: =medium!R18 -> DNF | X39: =medium!S18 -> 0.99689799 | Y39: 7 | AA39: =medium!T41 -> TRUE | AB39: =medium!U41 -> TRUE | AC39: =medium!V41 -> FALSE | AJ39: tc | AK39: 5 | AL39: 5
A40: S | B40: PTC | C40: 0.02MB | D40: {=IF(ISBLANK(INDEX($P$2:$Y$60, MATCH(1, ($P$2:$P$60=$A40) * ($Q$2:$Q$60=$B40), 0), MATCH(D$3, $P$1:$Y$1, 0))), "", INDEX($P$2:$Y$60, MATCH(1, ($P$2:$P$60=$A40) * ($Q$2:$Q$60=$B40), 0), MATCH(D$3, $P$1:$Y$1, 0)))} -> 3 | E40: {=INDEX($P$2:$X$60, MATCH(1, ($P$2:$P$60=$A40) * ($Q$2:$Q$60=$B40), 0), MATCH(E$3, $P$1:$X$1, 0))} -> 0.002606 | F40: {=INDEX($P$2:$X$60, MATCH(1, ($P$2:$P$60=$A40) * ($Q$2:$Q$60=$B40), 0), MATCH(F$3, $P$1:$X$1, 0))} -> 0.084974 | G40: {=INDEX($P$2:$X$60, MATCH(1, ($P$2:$P$60=$A40) * ($Q$2:$Q$60=$B40), 0), MATCH(G$3, $P$1:$X$1, 0))} -> 0.016161 | H40: {=INDEX($P$2:$X$60, MATCH(1, ($P$2:$P$60=$A40) * ($Q$2:$Q$60=$B40), 0), MATCH(H$3, $P$1:$X$1, 0))} -> 0.012428 | I40: {=INDEX($P$2:$X$60, MATCH(1, ($P$2:$P$60=$A40) * ($Q$2:$Q$60=$B40), 0), MATCH(I$3, $P$1:$X$1, 0))} -> 5.2579667 | J40: {=INDEX($P$2:$X$60, MATCH(1, ($P$2:$P$60=$A40) * ($Q$2:$Q$60=$B40), 0), MATCH(J$3, $P$1:$X$1, 0))} -> 0.1612524 | K40: {=INDEX($P$2:$X$60, MATCH(1, ($P$2:$P$60=$A40) * ($Q$2:$Q$60=$B40), 0), MATCH(K$3, $P$1:$X$1, 0))} -> 0.76901182 | L40: {=INDEX($AA$2:$AC$60, MATCH(1, ($P$2:$P$60=$A40) * ($Q$2:$Q$60=$B40), 0), MATCH(I$3, $AA$1:$AC$1, 0))} -> TRUE | M40: {=INDEX($AA$2:$AC$60, MATCH(1, ($P$2:$P$60=$A40) * ($Q$2:$Q$60=$B40), 0), MATCH(J$3, $AA$1:$AC$1, 0))} -> TRUE | N40: {=INDEX($AA$2:$AC$60, MATCH(1, ($P$2:$P$60=$A40) * ($Q$2:$Q$60=$B40), 0), MATCH(K$3, $AA$1:$AC$1, 0))} -> FALSE | AJ40: trustchain | AK40: 7 | AL40: 7
A41: M | B41: PTC | C41: 0.05MB | D41: {=IF(ISBLANK(INDEX($P$2:$Y$60, MATCH(1, ($P$2:$P$60=$A41) * ($Q$2:$Q$60=$B41), 0), MATCH(D$3, $P$1:$Y$1, 0))), "-", INDEX($P$2:$Y$60, MATCH(1, ($P$2:$P$60=$A41) * ($Q$2:$Q$60=$B41), 0), MATCH(D$3, $P$1:$Y$1, 0)))} -> 16 | E41: {=INDEX($P$2:$X$60, MATCH(1, ($P$2:$P$60=$A41) * ($Q$2:$Q$60=$B41), 0), MATCH(E$3, $P$1:$X$1, 0))} -> #N/A | F41: {=INDEX($P$2:$X$60, MATCH(1, ($P$2:$P$60=$A41) * ($Q$2:$Q$60=$B41), 0), MATCH(F$3, $P$1:$X$1, 0))} -> 0.840979 | G41: {=INDEX($P$2:$X$60, MATCH(1, ($P$2:$P$60=$A41) * ($Q$2:$Q$60=$B41), 0), MATCH(G$3, $P$1:$X$1, 0))} -> 0.052132 | H41: {=INDEX($P$2:$X$60, MATCH(1, ($P$2:$P$60=$A41) * ($Q$2:$Q$60=$B41), 0), MATCH(H$3, $P$1:$X$1, 0))} -> 0.047639 | I41: {=INDEX($P$2:$X$60, MATCH(1, ($P$2:$P$60=$A41) * ($Q$2:$Q$60=$B41), 0), MATCH(I$3, $P$1:$X$1, 0))} -> 16.131723 | J41: {=INDEX($P$2:$X$60, MATCH(1, ($P$2:$P$60=$A41) * ($Q$2:$Q$60=$B41), 0), MATCH(J$3, $P$1:$X$1, 0))} -> DNF | K41: {=INDEX($P$2:$X$60, MATCH(1, ($P$2:$P$60=$A41) * ($Q$2:$Q$60=$B41), 0), MATCH(K$3, $P$1:$X$1, 0))} -> 0.91381493 | L41: {=INDEX($AA$2:$AC$60, MATCH(1, ($P$2:$P$60=$A41) * ($Q$2:$Q$60=$B41), 0), MATCH(I$3, $AA$1:$AC$1, 0))} -> TRUE | M41: {=INDEX($AA$2:$AC$60, MATCH(1, ($P$2:$P$60=$A41) * ($Q$2:$Q$60=$B41), 0), MATCH(J$3, $AA$1:$AC$1, 0))} -> TRUE | N41: {=INDEX($AA$2:$AC$60, MATCH(1, ($P$2:$P$60=$A41) * ($Q$2:$Q$60=$B41), 0), MATCH(K$3, $AA$1:$AC$1, 0))} -> FALSE
